face_x;face_y;landmark_x_1;landmark_y_1;landmark_z_1;landmark_x_2;landmark_y_2;landmark_z_2;landmark_x_3;landmark_y_3;landmark_z_3;landmark_x_4;landmark_y_4;landmark_z_4;landmark_x_5;landmark_y_5;landmark_z_5;landmark_x_6;landmark_y_6;landmark_z_6;landmark_x_7;landmark_y_7;landmark_z_7;landmark_x_8;landmark_y_8;landmark_z_8;landmark_x_9;landmark_y_9;landmark_z_9;landmark_x_10;landmark_y_10;landmark_z_10;landmark_x_11;landmark_y_11;landmark_z_11;landmark_x_12;landmark_y_12;landmark_z_12;landmark_x_13;landmark_y_13;landmark_z_13;landmark_x_14;landmark_y_14;landmark_z_14;landmark_x_15;landmark_y_15;landmark_z_15;landmark_x_16;landmark_y_16;landmark_z_16;landmark_x_17;landmark_y_17;landmark_z_17;landmark_x_18;landmark_y_18;landmark_z_18;landmark_x_19;landmark_y_19;landmark_z_19;landmark_x_20;landmark_y_20;landmark_z_20;landmark_x_21;landmark_y_21;landmark_z_21;landmark_x_22;landmark_y_22;landmark_z_22;landmark_x_23;landmark_y_23;landmark_z_23;landmark_x_24;landmark_y_24;landmark_z_24;landmark_x_25;landmark_y_25;landmark_z_25;landmark_x_26;landmark_y_26;landmark_z_26;landmark_x_27;landmark_y_27;landmark_z_27;landmark_x_28;landmark_y_28;landmark_z_28;landmark_x_29;landmark_y_29;landmark_z_29;landmark_x_30;landmark_y_30;landmark_z_30;landmark_x_31;landmark_y_31;landmark_z_31;landmark_x_32;landmark_y_32;landmark_z_32;landmark_x_33;landmark_y_33;landmark_z_33;landmark_x_34;landmark_y_34;landmark_z_34;landmark_x_35;landmark_y_35;landmark_z_35;landmark_x_36;landmark_y_36;landmark_z_36;landmark_x_37;landmark_y_37;landmark_z_37;landmark_x_38;landmark_y_38;landmark_z_38;landmark_x_39;landmark_y_39;landmark_z_39;landmark_x_40;landmark_y_40;landmark_z_40;landmark_x_41;landmark_y_41;landmark_z_41;landmark_x_42;landmark_y_42;landmark_z_42
0.455796;0.210671;0.216471;0.738093;2.13556e-05;0.182028;0.771576;0.0322167;0.153097;0.802016;0.042852;0.133231;0.824777;0.0481338;0.125876;0.847796;0.0524835;0.118311;0.813174;0.00399721;0.0890356;0.850165;-0.000730805;0.0797576;0.884638;-0.0031428;0.0802276;0.908763;-0.00213304;0.126193;0.81392;-0.0154869;0.0924236;0.861757;-0.0251185;0.0846773;0.900246;-0.030472;0.0822637;0.925466;-0.0385979;0.138405;0.816204;-0.0312846;0.109309;0.862323;-0.0387652;0.104021;0.899393;-0.0348456;0.100927;0.921791;-0.033555;0.154082;0.819608;-0.0445967;0.136595;0.854717;-0.0463413;0.129905;0.883531;-0.0440709;0.124285;0.902442;-0.0423023
0.461183;0.203115;0.182048;0.789595;2.14439e-05;0.146763;0.822262;0.034488;0.125388;0.859355;0.0397906;0.122838;0.889419;0.0428054;0.125932;0.909943;0.044131;0.0957102;0.858873;-0.0185269;0.0785572;0.904324;-0.024054;0.0689561;0.932161;-0.0237974;0.0583982;0.95092;-0.0216272;0.107414;0.860989;-0.0376097;0.0905098;0.921581;-0.0478941;0.0864745;0.953258;-0.0525125;0.0812865;0.972069;-0.0588841;0.127956;0.866449;-0.0486211;0.128577;0.928719;-0.0458843;0.135191;0.928714;-0.0229208;0.136859;0.91902;-0.0129143;0.151818;0.873011;-0.0570453;0.153256;0.924628;-0.0444731;0.156228;0.923283;-0.0244602;0.157916;0.910155;-0.0128822
0.465946;0.197421;0.139136;0.956244;1.98277e-05;0.107115;1.00431;0.0285043;0.0724267;1.01492;0.0262782;0.040701;0.99987;0.0170412;0.0259679;0.98156;0.00469848;0.0241324;1.03315;-0.019037;-0.0178571;1.01979;-0.00961445;-0.00406532;1.00059;0.00774657;0.0131114;1.00172;0.0252547;0.0249529;1.00127;-0.0324448;-0.0129488;0.967493;-0.0216341;0.0116273;0.955626;-0.00269947;0.0316966;0.96753;0.00706851;0.0392727;0.963846;-0.0391998;0.0265212;0.927771;-0.0207641;0.0510434;0.926514;-0.00804722;0.0640891;0.944122;-0.00972959;0.0639388;0.927913;-0.0443941;0.061269;0.906439;-0.0239242;0.0808515;0.908669;-0.0197279;0.0903976;0.920924;-0.0231182
0.481847;0.186449;0.0758424;0.451855;3.27191e-05;0.0705801;0.489609;-0.0725821;0.0611801;0.531913;-0.105001;0.0468678;0.573024;-0.121764;0.0371313;0.611684;-0.133592;0.121281;0.59101;-0.0914721;0.106747;0.660845;-0.129422;0.104263;0.685508;-0.15044;0.107271;0.700596;-0.163459;0.118604;0.602555;-0.0645836;0.108731;0.667645;-0.10398;0.0997246;0.669857;-0.13155;0.0946137;0.663651;-0.151886;0.111406;0.609371;-0.0411199;0.097475;0.656371;-0.0708803;0.0936893;0.647036;-0.0839416;0.0925093;0.629197;-0.0949608;0.107501;0.612328;-0.0251017;0.0933997;0.652419;-0.0587549;0.0887188;0.646243;-0.0892598;0.0880889;0.637809;-0.109681
0.479544;0.187549;0.113677;0.492823;1.85865e-05;0.139322;0.506092;-0.0813682;0.147717;0.535924;-0.132658;0.134852;0.566012;-0.164396;0.114182;0.587456;-0.187214;0.138462;0.547822;-0.147075;0.127754;0.58947;-0.211174;0.116082;0.624161;-0.2593;0.109825;0.652867;-0.295394;0.105199;0.552014;-0.12436;0.0805199;0.599752;-0.186592;0.0588183;0.637519;-0.240838;0.047354;0.666914;-0.28523;0.0767584;0.553818;-0.100556;0.0667185;0.584515;-0.147075;0.0755258;0.565286;-0.152779;0.0875495;0.541396;-0.156306;0.0521075;0.554928;-0.0836501;0.0490909;0.580967;-0.121767;0.0602589;0.557501;-0.132243;0.0707963;0.529863;-0.135873;0.118424;0.33784;2.39429e-05;0.142251;0.40538;-0.0464826;0.144741;0.477008;-0.0747617;0.138331;0.53613;-0.0921591;0.12971;0.590619;-0.113923;0.175009;0.485563;-0.0876587;0.170268;0.568612;-0.102839;0.150515;0.607321;-0.111034;0.130743;0.62577;-0.114863;0.158076;0.466646;-0.0671378;0.143826;0.534591;-0.0796653;0.116989;0.557485;-0.0827551;0.0935041;0.566822;-0.0895395;0.134443;0.450372;-0.0457437;0.111364;0.515239;-0.0478932;0.0908034;0.524558;-0.0463147;0.0765764;0.518626;-0.0491695;0.111233;0.437824;-0.0289677;0.0955786;0.487286;-0.0329308;0.0834229;0.495955;-0.0359031;0.0742802;0.49346;-0.0349291
0.479919;0.186576;0.0979024;0.587903;1.90267e-05;0.10599;0.538025;-0.0183615;0.111308;0.496009;-0.0482581;0.11273;0.468032;-0.0759741;0.115229;0.454916;-0.0993605;0.101028;0.509458;-0.0972747;0.101706;0.485827;-0.140318;0.103708;0.474651;-0.17584;0.105065;0.467024;-0.203525;0.0998865;0.535995;-0.102268;0.106819;0.515657;-0.148029;0.112491;0.499687;-0.181276;0.114193;0.487215;-0.208076;0.100307;0.560689;-0.102394;0.105928;0.543068;-0.136779;0.114947;0.533578;-0.161935;0.119543;0.521745;-0.179001;0.100169;0.584508;-0.10271;0.104736;0.578682;-0.128183;0.113234;0.571742;-0.145754;0.118979;0.562212;-0.159407
0.479046;0.189652;0.173309;0.488939;2.85715e-05;0.210671;0.45774;-0.0397223;0.217136;0.382365;-0.0749997;0.18293;0.331775;-0.107295;0.1505;0.300729;-0.129069;0.201643;0.316048;-0.0657162;0.193755;0.242498;-0.11354;0.183915;0.190217;-0.136609;0.170807;0.146665;-0.148874;0.169494;0.32846;-0.0764063;0.149207;0.243281;-0.119054;0.134759;0.182587;-0.14156;0.11653;0.126597;-0.161252;0.142754;0.363012;-0.091485;0.131876;0.332922;-0.134583;0.156972;0.380724;-0.113766;0.169416;0.405797;-0.09638;0.122457;0.408726;-0.11174;0.124169;0.389501;-0.144486;0.146796;0.420675;-0.130982;0.159915;0.440047;-0.117704
0.478622;0.189922;0.190679;0.475279;2.75287e-05;0.230174;0.433664;-0.0146157;0.238568;0.35817;-0.0271616;0.206573;0.30438;-0.0418195;0.178434;0.276843;-0.047142;0.228397;0.306984;-0.028457;0.222242;0.229754;-0.0636445;0.213694;0.17516;-0.0804286;0.203874;0.130476;-0.0866241;0.198231;0.317227;-0.0439598;0.18728;0.224797;-0.076655;0.175573;0.161892;-0.0973254;0.162071;0.10422;-0.114785;0.169799;0.34453;-0.060772;0.160249;0.304849;-0.097607;0.180242;0.352201;-0.0835264;0.192388;0.379707;-0.0689951;0.145095;0.38063;-0.0806539;0.145136;0.356292;-0.103521;0.164385;0.389862;-0.0899471;0.176516;0.410382;-0.0769929
0.479529;0.189092;0.209053;0.469634;2.46582e-05;0.251529;0.434547;-0.0199116;0.267401;0.358889;-0.0282608;0.242832;0.299026;-0.0389629;0.21762;0.272816;-0.0473374;0.253779;0.315458;0.00146269;0.252366;0.241411;-0.0171412;0.247051;0.185404;-0.0280837;0.240147;0.137699;-0.0338016;0.22333;0.319625;-0.00710314;0.222049;0.23993;-0.0293487;0.21678;0.182076;-0.0462748;0.210974;0.131162;-0.0605696;0.195302;0.339012;-0.0206706;0.194572;0.288721;-0.0629985;0.209986;0.337368;-0.0651237;0.220936;0.374491;-0.0582926;0.166849;0.368413;-0.0351931;0.170992;0.328409;-0.0649213;0.187744;0.364774;-0.0618852;0.198731;0.396043;-0.0569263
0.480052;0.18905;0.229281;0.474651;2.34117e-05;0.271147;0.443646;-0.01427;0.289392;0.371227;-0.0192169;0.272215;0.309698;-0.0274744;0.251129;0.278138;-0.0356939;0.278714;0.332507;0.0286921;0.276804;0.259274;0.0234662;0.272479;0.20559;0.0153101;0.266004;0.159887;0.00784531;0.248755;0.332079;0.0191281;0.248209;0.25292;0.0096465;0.244735;0.193684;-0.00242748;0.241307;0.144993;-0.0130776;0.221241;0.347905;0.00326941;0.218414;0.289994;-0.0321677;0.234602;0.330439;-0.0479471;0.245593;0.368109;-0.0513211;0.194902;0.370713;-0.0121517;0.200892;0.336313;-0.0436598;0.217199;0.367428;-0.0519554;0.228713;0.398314;-0.0553548
0.480733;0.190439;0.246257;0.48545;2.46618e-05;0.289914;0.460337;-0.012145;0.310507;0.386617;-0.0194056;0.293791;0.324229;-0.0304945;0.271384;0.291289;-0.0383095;0.29679;0.33902;0.0110889;0.30118;0.264112;-0.00108001;0.300015;0.213635;-0.0123958;0.295796;0.171531;-0.0213725;0.267485;0.335849;-0.00192901;0.268917;0.253839;-0.0175442;0.266185;0.195677;-0.0331083;0.262193;0.147071;-0.049108;0.23918;0.352452;-0.0196696;0.240265;0.298433;-0.0556557;0.256653;0.341119;-0.0654773;0.266431;0.378231;-0.0679063;0.21326;0.377223;-0.0373326;0.222839;0.347971;-0.0703881;0.238851;0.382931;-0.0764078;0.248613;0.414729;-0.0785727
0.478303;0.19173;0.261249;0.508252;2.31663e-05;0.304169;0.4836;-0.00979206;0.325904;0.416321;-0.0184647;0.314334;0.356399;-0.0331307;0.297744;0.32474;-0.0458598;0.313954;0.369921;0.0228418;0.31929;0.298328;0.0153327;0.318634;0.248883;0.00424826;0.314186;0.207184;-0.00538972;0.285171;0.364785;0.00894303;0.291861;0.288907;-0.00397468;0.294931;0.232974;-0.0179615;0.295908;0.189342;-0.0295837;0.257035;0.376709;-0.0102826;0.26289;0.324638;-0.0417845;0.27662;0.364748;-0.0558468;0.283084;0.401819;-0.0612805;0.231205;0.397023;-0.0294579;0.242653;0.37086;-0.0601737;0.256523;0.405173;-0.0710915;0.263215;0.437854;-0.0785377
0.47925;0.191188;0.278967;0.53533;2.32519e-05;0.321855;0.520818;-0.0150432;0.349089;0.455035;-0.0245018;0.338723;0.394042;-0.0375073;0.320198;0.35787;-0.047142;0.332375;0.401208;0.00890516;0.339259;0.330965;-0.00115953;0.338782;0.282214;-0.00995542;0.335379;0.240467;-0.0172317;0.304106;0.392946;-0.0013026;0.312974;0.317084;-0.014364;0.318166;0.263217;-0.0279733;0.321867;0.220107;-0.0404506;0.275503;0.403016;-0.0168167;0.28559;0.354071;-0.0509657;0.298645;0.395825;-0.0664114;0.305728;0.434641;-0.0727507;0.24929;0.421378;-0.0321491;0.266376;0.399121;-0.0664114;0.279409;0.435896;-0.0785365;0.285852;0.470279;-0.0856807
0.481362;0.189346;0.293137;0.582316;2.43506e-05;0.336799;0.56265;-0.0157398;0.36443;0.496075;-0.0258368;0.355162;0.435375;-0.0402512;0.336269;0.399778;-0.0496787;0.352338;0.439772;0.00838226;0.364057;0.365597;-0.00514412;0.366176;0.318346;-0.0165322;0.364983;0.279292;-0.0226943;0.324922;0.430845;-0.00180864;0.335075;0.34788;-0.0183221;0.341699;0.2929;-0.0332011;0.346131;0.249623;-0.0434757;0.295638;0.441467;-0.017393;0.305399;0.393279;-0.0518375;0.315584;0.438514;-0.0667301;0.319891;0.477143;-0.0711569;0.267628;0.460134;-0.0335563;0.282004;0.435021;-0.0669487;0.292577;0.473392;-0.0799559;0.29683;0.507322;-0.087006
0.482705;0.187714;0.30409;0.619569;2.3747e-05;0.35123;0.60564;-0.00522679;0.381648;0.545927;-0.0103895;0.376946;0.486699;-0.0208815;0.363292;0.451535;-0.0277395;0.36974;0.489014;0.0206764;0.382696;0.424105;0.0146773;0.387911;0.378647;0.0037206;0.389074;0.338511;-0.00572992;0.342378;0.478006;0.00719765;0.354831;0.404129;-0.00512424;0.364581;0.353935;-0.021625;0.371854;0.312808;-0.0367638;0.313475;0.485433;-0.0101972;0.325568;0.438509;-0.0384046;0.333973;0.483076;-0.0530178;0.336244;0.519376;-0.0592733;0.285574;0.501432;-0.0272011;0.30163;0.476937;-0.0537356;0.310663;0.514608;-0.063529;0.312562;0.54706;-0.0695281
0.482746;0.187712;0.316866;0.668859;2.27029e-05;0.356452;0.659223;-0.0228853;0.386151;0.597759;-0.0284046;0.386902;0.533779;-0.0357636;0.390493;0.484105;-0.037018;0.385646;0.532627;-0.00283628;0.401343;0.460501;-0.0224812;0.407618;0.413189;-0.0357357;0.408825;0.376266;-0.0444327;0.35847;0.522609;-0.00869002;0.377083;0.44177;-0.0333385;0.390288;0.384934;-0.0513736;0.400708;0.342004;-0.0656734;0.328704;0.529872;-0.0202094;0.345611;0.503379;-0.0628302;0.352944;0.552151;-0.0696874;0.356812;0.590455;-0.0674017;0.300543;0.544288;-0.0328367;0.32096;0.530975;-0.0741474;0.329501;0.572304;-0.0790534;0.333756;0.605588;-0.0769349
0.481203;0.18951;0.321589;0.718735;2.07431e-05;0.361166;0.713003;-0.0273466;0.390273;0.645598;-0.0342549;0.387618;0.580089;-0.0413352;0.384918;0.53049;-0.0407333;0.393143;0.584535;0.000855926;0.409935;0.509656;-0.0128778;0.414007;0.461422;-0.0257987;0.412666;0.420444;-0.0370928;0.367807;0.575429;-0.00385906;0.390923;0.495241;-0.0277623;0.408355;0.446223;-0.0443738;0.421488;0.411585;-0.0558685;0.339823;0.583639;-0.0149346;0.357293;0.551455;-0.0539193;0.361545;0.600512;-0.0601396;0.362198;0.640266;-0.0566998;0.313142;0.598983;-0.0278196;0.332996;0.588624;-0.0683379;0.340011;0.631622;-0.0752749;0.34283;0.665849;-0.0738989
0.480463;0.190759;0.315686;0.756195;2.29382e-05;0.35084;0.763136;-0.0342434;0.387162;0.701688;-0.0439768;0.388155;0.635327;-0.050886;0.38183;0.591366;-0.0506591;0.388384;0.646871;-0.00885084;0.409408;0.576722;-0.0293767;0.423212;0.530221;-0.0459437;0.434493;0.488886;-0.0605186;0.361973;0.633027;-0.0111077;0.384935;0.556842;-0.0404718;0.404635;0.505463;-0.0619307;0.421239;0.462665;-0.0775646;0.332992;0.635158;-0.0200846;0.351252;0.60212;-0.0700502;0.351893;0.656198;-0.0752952;0.34921;0.695616;-0.0681842;0.305865;0.643432;-0.0304358;0.32442;0.628866;-0.0782202;0.327303;0.672228;-0.0832635;0.326578;0.70479;-0.0792289
0.482726;0.190887;0.301046;0.779487;2.12583e-05;0.333584;0.791947;-0.0387898;0.368343;0.74687;-0.0585413;0.373065;0.691332;-0.0760054;0.36774;0.647234;-0.0857459;0.37734;0.67559;-0.021498;0.399288;0.608916;-0.0469561;0.413885;0.563058;-0.0615914;0.425139;0.522945;-0.0703972;0.35116;0.661909;-0.0252121;0.374901;0.586885;-0.0571639;0.393559;0.538188;-0.0786127;0.40848;0.49241;-0.0897306;0.32166;0.665829;-0.0348542;0.336732;0.644396;-0.0858934;0.333097;0.698089;-0.0886975;0.328357;0.729168;-0.0782683;0.293733;0.67679;-0.047202;0.310615;0.669447;-0.090075;0.310352;0.710798;-0.0926823;0.307171;0.737041;-0.0854015
0.484208;0.191953;0.286455;0.785035;2.30287e-05;0.325126;0.796735;-0.0421113;0.355788;0.76066;-0.0702759;0.346496;0.719183;-0.0909743;0.330974;0.686987;-0.100683;0.358078;0.684628;-0.0620951;0.381134;0.617863;-0.101718;0.391828;0.577391;-0.119952;0.398573;0.543893;-0.12626;0.332824;0.671642;-0.061553;0.351585;0.599243;-0.0924035;0.365867;0.559118;-0.107434;0.374394;0.519644;-0.116995;0.303934;0.67894;-0.065397;0.316196;0.658527;-0.100486;0.316204;0.700596;-0.0941776;0.310111;0.725056;-0.0841734;0.276977;0.696245;-0.0732821;0.288283;0.696245;-0.0973317;0.292719;0.723749;-0.0952618;0.290409;0.742871;-0.0885102;0.236945;0.842938;2.94975e-05;0.316987;0.747395;-0.00324083;0.339826;0.64986;-0.0219605;0.351988;0.569044;-0.0469689;0.362127;0.512483;-0.071313;0.292694;0.619494;-0.0893269;0.326698;0.555256;-0.150441;0.351401;0.539378;-0.179748;0.362085;0.535667;-0.196316;0.268392;0.64303;-0.113241;0.327732;0.607589;-0.176778;0.351378;0.626772;-0.189751;0.359891;0.65249;-0.198035;0.255723;0.685504;-0.135671;0.319149;0.679606;-0.19616;0.330005;0.709912;-0.178185;0.32625;0.735061;-0.159038;0.248007;0.731807;-0.157709;0.300072;0.73965;-0.19444;0.306849;0.753422;-0.185375;0.302218;0.759589;-0.179123
0.484259;0.191662;0.279023;0.786312;2.41484e-05;0.311365;0.787005;-0.0481507;0.327309;0.743207;-0.0887549;0.309078;0.706401;-0.119036;0.292631;0.676957;-0.141723;0.326497;0.678787;-0.110303;0.343876;0.617263;-0.164885;0.349244;0.579383;-0.18947;0.351473;0.546701;-0.204279;0.306572;0.676916;-0.109354;0.313309;0.614415;-0.160708;0.31659;0.579849;-0.185863;0.317328;0.544084;-0.203709;0.285461;0.693421;-0.109164;0.27952;0.688293;-0.15207;0.280916;0.735977;-0.129668;0.280792;0.760946;-0.110398;0.263592;0.721892;-0.115049;0.255084;0.729931;-0.144286;0.258793;0.756136;-0.135933;0.258193;0.773324;-0.125111;0.231808;0.85689;2.38504e-05;0.275077;0.828616;-0.0265661;0.304954;0.782819;-0.0626385;0.299035;0.746727;-0.105089;0.289629;0.730452;-0.14187;0.319188;0.68001;-0.0602878;0.331669;0.598773;-0.105158;0.336478;0.557251;-0.13385;0.337593;0.526391;-0.149337;0.289469;0.681012;-0.0800612;0.304005;0.606175;-0.123065;0.319472;0.572533;-0.158601;0.329129;0.552527;-0.182385;0.260011;0.701185;-0.101632;0.266851;0.698478;-0.13703;0.273622;0.729079;-0.144359;0.276745;0.744903;-0.149199;0.232142;0.734279;-0.128043;0.240022;0.733411;-0.152932;0.251685;0.754938;-0.160261;0.258613;0.765287;-0.164409
0.485314;0.190835;0.270594;0.771546;1.54124e-05;0.273193;0.736972;-0.037973;0.280378;0.694216;-0.0694754;0.276348;0.673247;-0.0946525;0.273029;0.654949;-0.120452;0.293289;0.656448;-0.109087;0.299003;0.606925;-0.157284;0.301796;0.569443;-0.188807;0.305328;0.532092;-0.21303;0.291841;0.672824;-0.108008;0.298112;0.633579;-0.153551;0.29733;0.603904;-0.182171;0.29564;0.570156;-0.209546;0.286087;0.701163;-0.105852;0.284608;0.695235;-0.141191;0.271142;0.712985;-0.141688;0.260276;0.719387;-0.146168;0.277854;0.734444;-0.107013;0.272098;0.734968;-0.134139;0.260799;0.749786;-0.139863;0.251953;0.760306;-0.147163;0.222588;0.854432;3.07435e-05;0.268519;0.822488;-0.0205637;0.288862;0.773164;-0.0438568;0.269037;0.723543;-0.0663124;0.246625;0.693847;-0.0818205;0.287842;0.687807;-0.0434225;0.303852;0.608748;-0.0805178;0.309605;0.558798;-0.0990034;0.311172;0.51577;-0.10471;0.260005;0.676769;-0.0584033;0.273625;0.586408;-0.0849841;0.279418;0.527631;-0.106571;0.28086;0.474007;-0.123444;0.228432;0.688738;-0.0754312;0.225669;0.653705;-0.106261;0.233819;0.707932;-0.103532;0.241225;0.743718;-0.0980729;0.195235;0.718743;-0.0966462;0.194953;0.695066;-0.122886;0.202903;0.736983;-0.128655;0.212173;0.766923;-0.126298
0.488214;0.189615;0.197705;0.824725;3.19549e-05;0.235449;0.751851;-0.0215462;0.254218;0.676531;-0.0534628;0.250393;0.608253;-0.0823198;0.242184;0.550031;-0.105509;0.252793;0.649431;-0.0718849;0.247188;0.568342;-0.119873;0.238754;0.510678;-0.138359;0.233144;0.463934;-0.146089;0.225346;0.665209;-0.0783906;0.218565;0.605813;-0.128246;0.216098;0.641156;-0.142997;0.220255;0.668001;-0.147506;0.196325;0.687392;-0.0847031;0.186304;0.643767;-0.118327;0.193204;0.68393;-0.0984231;0.204014;0.703146;-0.0854117;0.167233;0.716974;-0.0939786;0.168992;0.681936;-0.117103;0.173926;0.715215;-0.114204;0.178211;0.735397;-0.110726
0.492877;0.187895;0.184952;0.810148;3.25827e-05;0.211174;0.719729;0.00182343;0.215284;0.634937;-0.0198247;0.209112;0.572213;-0.0372773;0.205928;0.522072;-0.0537286;0.229313;0.627505;-0.0985846;0.208515;0.5317;-0.148247;0.198134;0.460537;-0.176466;0.190402;0.400993;-0.192117;0.204278;0.656513;-0.112263;0.17017;0.569844;-0.148739;0.161779;0.592088;-0.14418;0.16372;0.616017;-0.14763;0.174323;0.687654;-0.122984;0.143202;0.604193;-0.138758;0.145824;0.632379;-0.101419;0.154786;0.659001;-0.0868777;0.143956;0.72177;-0.134198;0.12954;0.649369;-0.137402;0.132948;0.667139;-0.113434;0.13791;0.689972;-0.104685;0.165969;0.763492;2.47988e-05;0.203369;0.716792;-0.023005;0.216141;0.66222;-0.0557538;0.210604;0.619193;-0.0811101;0.196223;0.587344;-0.105714;0.204756;0.66551;-0.109326;0.195385;0.607762;-0.153944;0.181435;0.564758;-0.172603;0.167097;0.533924;-0.177118;0.177251;0.681772;-0.112185;0.158497;0.610644;-0.16207;0.144576;0.568048;-0.178472;0.132781;0.541937;-0.184642;0.147398;0.697875;-0.112109;0.129228;0.628602;-0.153266;0.133525;0.623056;-0.150633;0.140499;0.633122;-0.140852;0.119749;0.713633;-0.11083;0.111482;0.658052;-0.13581;0.116984;0.648636;-0.135133;0.124051;0.652744;-0.128512
0.492052;0.188598;0.147319;0.790337;2.96851e-05;0.169126;0.707629;-0.00914269;0.175783;0.628385;-0.0285573;0.16688;0.565238;-0.0467423;0.158195;0.508495;-0.0587206;0.202244;0.597093;-0.0655128;0.191408;0.505358;-0.10901;0.179702;0.440248;-0.129687;0.166775;0.385468;-0.138253;0.174599;0.60906;-0.0782942;0.174058;0.50359;-0.131628;0.169007;0.430775;-0.157793;0.16219;0.376574;-0.17198;0.142324;0.629014;-0.0877296;0.121453;0.536904;-0.120051;0.121894;0.568936;-0.100243;0.127941;0.604892;-0.0835807;0.10964;0.656108;-0.098035;0.0986637;0.582987;-0.117441;0.103661;0.603981;-0.101381;0.112285;0.635564;-0.0842499;0.146617;0.76178;1.97912e-05;0.175395;0.717899;-0.0115179;0.187006;0.670026;-0.0257865;0.183598;0.631951;-0.0359477;0.174193;0.603018;-0.0462585;0.1825;0.660792;-0.0581974;0.182389;0.614245;-0.0786695;0.172486;0.578429;-0.0863044;0.162769;0.551409;-0.088999;0.161213;0.666459;-0.0588711;0.152965;0.615669;-0.0842834;0.13982;0.584651;-0.0979813;0.13012;0.567725;-0.110257;0.137144;0.67853;-0.0569998;0.123858;0.634187;-0.0770227;0.112483;0.615656;-0.0821126;0.106953;0.60821;-0.0872026;0.113826;0.696935;-0.0537437;0.10664;0.665438;-0.0672919;0.100673;0.658539;-0.0740286;0.0973721;0.662634;-0.0793431
0.488918;0.191201;0.125951;0.76656;2.85846e-05;0.142073;0.675187;-0.0311657;0.147884;0.600614;-0.0506508;0.14163;0.547176;-0.0620558;0.130759;0.501528;-0.0663629;0.18328;0.552723;-0.0777334;0.168508;0.468324;-0.109847;0.155857;0.4002;-0.131141;0.145146;0.340348;-0.144441;0.160383;0.558773;-0.0721515;0.157711;0.466875;-0.116187;0.150342;0.402591;-0.147749;0.144472;0.351911;-0.171868;0.132052;0.573599;-0.0628483;0.106064;0.501421;-0.0877258;0.099454;0.534454;-0.086761;0.10423;0.570286;-0.085176;0.101692;0.594639;-0.056405;0.0830999;0.543396;-0.0746324;0.081278;0.568234;-0.0723583;0.0883952;0.60033;-0.0656393;0.13427;0.761727;1.87497e-05;0.15835;0.722584;0.00212739;0.165249;0.681533;-0.00628467;0.163644;0.652581;-0.0103356;0.158268;0.630345;-0.0132519;0.16652;0.66984;-0.0692821;0.170009;0.618251;-0.0897759;0.168424;0.584485;-0.101902;0.166904;0.555747;-0.113532;0.150134;0.671147;-0.0743878;0.151642;0.619267;-0.103037;0.149613;0.582261;-0.114879;0.147656;0.552175;-0.127005;0.13173;0.676704;-0.0736787;0.129279;0.626556;-0.091336;0.126015;0.596318;-0.0936762;0.122476;0.574566;-0.0984982;0.112887;0.686385;-0.0703103;0.106304;0.646945;-0.0838192;0.10116;0.623922;-0.0901305;0.0965789;0.608218;-0.0965127
0.485291;0.192553;0.118114;0.742669;2.90479e-05;0.127849;0.658711;-0.033004;0.127296;0.588153;-0.0510635;0.114393;0.540149;-0.0588419;0.0986885;0.500773;-0.0582297;0.173164;0.526472;-0.0798723;0.153057;0.434608;-0.107817;0.136777;0.363639;-0.127695;0.121927;0.303567;-0.140659;0.152584;0.529857;-0.0714097;0.147754;0.427277;-0.111418;0.140335;0.35837;-0.137634;0.134482;0.304643;-0.153551;0.123833;0.543006;-0.0587339;0.0942677;0.460852;-0.0813127;0.0870352;0.495554;-0.0767754;0.0907319;0.533383;-0.068889;0.0911464;0.560844;-0.0484347;0.0677744;0.50246;-0.0705455;0.066378;0.530189;-0.0696092;0.0744134;0.563758;-0.0594901
0.480776;0.192269;0.107436;0.722537;2.91825e-05;0.112987;0.62468;0.0212421;0.118245;0.558438;0.0234023;0.109643;0.514646;0.0193187;0.0981329;0.478476;0.0207494;0.162084;0.491708;-0.0188071;0.152045;0.402621;-0.0363446;0.142333;0.338715;-0.051466;0.131057;0.284161;-0.0639725;0.146473;0.499811;-0.0447959;0.141627;0.390686;-0.0814058;0.129776;0.320582;-0.101719;0.118639;0.268336;-0.113544;0.12285;0.518925;-0.0649578;0.0962418;0.433716;-0.085802;0.0862034;0.469924;-0.0711732;0.0881696;0.507771;-0.0576056;0.092427;0.543604;-0.084665;0.0704656;0.47403;-0.105737;0.0687562;0.497168;-0.0976263;0.0756679;0.529437;-0.0840586;0.0981919;0.582445;2.1896e-05;0.125653;0.551788;-0.0350502;0.132967;0.479945;-0.0432916;0.106516;0.419507;-0.0487939;0.0831209;0.392083;-0.0505634;0.151039;0.44371;-0.00575686;0.148752;0.373633;-0.0262271;0.145325;0.324912;-0.0379832;0.13812;0.282035;-0.0404798;0.123854;0.442854;-0.00322384;0.125158;0.367458;-0.0256695;0.120361;0.314387;-0.042322;0.111266;0.265444;-0.0471457;0.0974078;0.458057;-0.00852016;0.0728398;0.412764;-0.0465882;0.0815996;0.464654;-0.0586594;0.0920173;0.496905;-0.0554598;0.0731524;0.48076;-0.015186;0.0542805;0.460879;-0.0539569;0.06345;0.500881;-0.0671917;0.0763506;0.524268;-0.0682097
0.479641;0.192635;0.101787;0.701704;3.09001e-05;0.104446;0.605898;0.0126008;0.107398;0.54331;0.0211343;0.10507;0.501984;0.0233475;0.10093;0.459768;0.0312828;0.156096;0.461457;0.00864315;0.153496;0.374365;-0.000862944;0.149246;0.31494;-0.00932602;0.14333;0.266961;-0.0154919;0.143105;0.46716;-0.00880265;0.140822;0.354878;-0.0330374;0.128581;0.289313;-0.0526763;0.118065;0.240698;-0.0641607;0.122526;0.482971;-0.0245039;0.0987268;0.401391;-0.0462164;0.088833;0.451614;-0.0428269;0.0910288;0.497607;-0.0332367;0.0969975;0.504102;-0.039597;0.0768753;0.434085;-0.0662342;0.0736105;0.467459;-0.0692249;0.0798159;0.507504;-0.0620472;0.0995965;0.582291;2.37143e-05;0.12526;0.541631;-0.0194526;0.133503;0.46618;-0.0227722;0.112397;0.403299;-0.0284168;0.0911603;0.377337;-0.0323952;0.154234;0.432605;0.0145313;0.155062;0.362943;0.00337773;0.152465;0.315718;-0.00396221;0.147418;0.271502;-0.0065068;0.128356;0.430544;0.0115088;0.129258;0.356017;-0.00286106;0.12422;0.3037;-0.0200984;0.117688;0.254744;-0.0281585;0.101809;0.44452;0.00315976;0.0788089;0.39112;-0.0255622;0.0867965;0.44273;-0.0362444;0.0983494;0.475191;-0.0337902;0.0762379;0.467242;-0.00585451;0.0610838;0.438906;-0.0347202;0.0705485;0.479189;-0.0428577;0.0843092;0.504096;-0.0414627
0.479819;0.192354;0.106386;0.689139;3.21928e-05;0.11151;0.58494;0.0151803;0.116051;0.519582;0.0275267;0.115695;0.470977;0.0337572;0.112;0.425921;0.0458015;0.164209;0.438956;0.0194312;0.161713;0.357069;0.0140134;0.158743;0.302114;0.0090436;0.155925;0.259146;0.00462338;0.149699;0.443872;0.00272454;0.150102;0.332048;-0.0190145;0.137562;0.270647;-0.0364661;0.126979;0.226701;-0.0445929;0.128764;0.459245;-0.0120442;0.101321;0.384955;-0.0314442;0.0899169;0.438395;-0.0263181;0.0934567;0.481945;-0.0143781;0.102766;0.479469;-0.025818;0.0824144;0.413338;-0.0462182;0.0781827;0.448707;-0.0454681;0.0842679;0.487738;-0.0374872;0.102086;0.576235;2.4415e-05;0.129115;0.528505;-0.0124461;0.137821;0.451947;-0.0084696;0.117902;0.388184;-0.00695038;0.0983268;0.360722;-0.00373859;0.158942;0.422672;0.0258574;0.161273;0.35027;0.0211128;0.160185;0.302032;0.0160963;0.156374;0.258578;0.0143562;0.133646;0.421517;0.0229345;0.136249;0.34214;0.0145737;0.132826;0.288785;-0.00051618;0.12732;0.241093;-0.00800738;0.106872;0.435428;0.0150359;0.0843855;0.37797;-0.00750437;0.0916994;0.427931;-0.0206642;0.102486;0.460876;-0.0210449;0.0803101;0.456601;0.00719848;0.0648843;0.423019;-0.0168712;0.0739156;0.460391;-0.0255719;0.0866807;0.486828;-0.026007
0.479941;0.19251;0.101036;0.677892;3.37741e-05;0.121464;0.559042;0.0671956;0.126718;0.490777;0.0916537;0.124933;0.442148;0.0949148;0.119086;0.395847;0.0988625;0.169728;0.41921;0.0706283;0.170408;0.348045;0.0692123;0.166614;0.29636;0.0644065;0.162646;0.255517;0.0564254;0.156439;0.426043;0.024308;0.158976;0.322764;0.0055889;0.146575;0.264599;-0.00309482;0.136373;0.225607;-0.00353731;0.135473;0.443115;-0.0180969;0.110063;0.371303;-0.0292425;0.0969162;0.421567;-0.0100622;0.0994032;0.463648;0.0108882;0.108616;0.464961;-0.0575839;0.090478;0.398375;-0.0684399;0.0864488;0.430013;-0.0566399;0.0938489;0.466459;-0.0419221;0.103958;0.57472;2.56298e-05;0.135083;0.524406;-0.00690933;0.145728;0.449389;-0.00114277;0.126027;0.386131;0.00108035;0.108985;0.356093;0.00435657;0.167809;0.421149;0.0287203;0.17271;0.348628;0.0219692;0.171256;0.300538;0.0133475;0.166578;0.259013;0.0092687;0.141447;0.417689;0.023432;0.14564;0.335945;0.0165543;0.141809;0.282189;0.00262133;0.136943;0.23434;-0.00447612;0.113964;0.4305;0.0130662;0.0943231;0.368758;-0.00584041;0.101199;0.417719;-0.0191703;0.11141;0.448734;-0.0214207;0.087728;0.451736;0.00291845;0.0749816;0.417176;-0.0178201;0.0830666;0.45351;-0.0272716;0.0949008;0.478025;-0.0300705
0.48069;0.191856;0.102946;0.664246;3.29217e-05;0.123758;0.540757;0.0800976;0.131764;0.475636;0.105232;0.133651;0.428443;0.104037;0.132499;0.38085;0.100282;0.174696;0.409253;0.095588;0.173962;0.341177;0.103184;0.171347;0.292457;0.10711;0.168861;0.255717;0.105574;0.165728;0.416627;0.0452336;0.169146;0.319267;0.0402195;0.157999;0.262653;0.0399635;0.147373;0.226784;0.0446789;0.14708;0.43205;-0.00095348;0.118847;0.367689;0.000631097;0.10443;0.417677;0.0230009;0.107496;0.457669;0.0425025;0.121622;0.449421;-0.0438254;0.10016;0.389915;-0.0409236;0.0958182;0.425376;-0.0261587;0.104344;0.461769;-0.0118418;0.112356;0.57558;2.48253e-05;0.140667;0.523474;0.00102753;0.152942;0.450792;0.00725189;0.137097;0.390145;0.00895189;0.119878;0.361335;0.0139802;0.177477;0.417388;0.0280894;0.181665;0.347;0.0235991;0.179885;0.297969;0.0175308;0.175741;0.256281;0.0133059;0.152815;0.415603;0.0194101;0.156649;0.334766;0.0086291;0.151145;0.282001;-0.00646645;0.144902;0.236639;-0.0149198;0.125483;0.428365;0.00751012;0.106197;0.374723;-0.0103004;0.110639;0.427093;-0.0175738;0.120585;0.458421;-0.0160245;0.098716;0.447934;-0.00397383;0.085361;0.419508;-0.0190658;0.0930414;0.460151;-0.0211747;0.105592;0.485141;-0.0197114
0.481364;0.191199;0.110152;0.653855;3.14141e-05;0.135803;0.538126;0.067611;0.145275;0.470049;0.0846899;0.143653;0.418715;0.0815394;0.140533;0.370635;0.0780988;0.185084;0.414855;0.0794668;0.184678;0.341531;0.0887109;0.184154;0.291979;0.0920272;0.183908;0.254926;0.0894571;0.170806;0.421831;0.0375363;0.178729;0.321436;0.0347797;0.171897;0.268012;0.0373498;0.163816;0.233305;0.0425315;0.147995;0.43513;-0.00101173;0.12342;0.370975;0.00316085;0.111573;0.421449;0.0212139;0.114857;0.457503;0.0346346;0.119647;0.448801;-0.0363549;0.102961;0.396283;-0.0294736;0.100335;0.433663;-0.015597;0.10797;0.466779;-0.00463504;0.114246;0.577741;2.45991e-05;0.145835;0.528931;-0.00927425;0.159011;0.457187;-0.00750187;0.143498;0.390584;-0.0096432;0.12602;0.353601;-0.00996874;0.183896;0.422422;0.022209;0.188704;0.348978;0.0159587;0.189246;0.29844;0.00925255;0.186619;0.256508;0.00489394;0.158022;0.419581;0.0161323;0.163458;0.335599;0.00468053;0.161152;0.283186;-0.00982405;0.158402;0.237515;-0.0160165;0.129389;0.432571;0.0053714;0.112626;0.378179;-0.0163782;0.11809;0.43163;-0.0244806;0.128392;0.461846;-0.0223682;0.102484;0.452991;-0.00571502;0.0923477;0.425197;-0.0250448;0.0997897;0.467418;-0.0289947;0.112077;0.491752;-0.0270559
0.481869;0.190781;0.121149;0.583626;2.49338e-05;0.152689;0.531198;0.00909994;0.165982;0.462287;0.0134717;0.148371;0.40121;0.0104166;0.129107;0.369516;0.00721231;0.191928;0.427747;0.0287328;0.195168;0.355698;0.0236846;0.195334;0.303185;0.0163814;0.193293;0.260705;0.0108166;0.166196;0.425961;0.0140682;0.172719;0.342162;0.00388803;0.16878;0.288339;-0.00968915;0.164337;0.243076;-0.0150866;0.137479;0.43806;-0.00270598;0.121163;0.38266;-0.0168178;0.126492;0.436842;-0.022608;0.137634;0.467018;-0.0216915;0.110549;0.457274;-0.0189273;0.100914;0.429171;-0.0286455;0.108155;0.473307;-0.0291984;0.119943;0.497975;-0.0267979
0.481594;0.190457;0.127511;0.562955;1.98343e-05;0.157456;0.530691;-0.00979082;0.170909;0.463119;-0.0137291;0.150763;0.402562;-0.021733;0.127908;0.376732;-0.0252607;0.192916;0.438021;0.0158804;0.198163;0.374796;-0.000352228;0.199432;0.327412;-0.00812528;0.19727;0.283145;-0.00782456;0.167523;0.436332;0.00508047;0.174108;0.363692;-0.0148857;0.172857;0.312893;-0.0293088;0.169531;0.263097;-0.0318303;0.140721;0.448392;-0.0101667;0.12216;0.399675;-0.0437666;0.128105;0.447521;-0.0473753;0.138813;0.475464;-0.0379604;0.114932;0.466846;-0.0257464;0.100739;0.440154;-0.0520018;0.106501;0.479027;-0.0533897;0.117198;0.501798;-0.0465657
0.481371;0.19069;0.125864;0.572009;2.03256e-05;0.157747;0.540429;-0.0166346;0.173436;0.473283;-0.0206864;0.152199;0.412644;-0.0266661;0.128899;0.390122;-0.0294366;0.19474;0.445742;0.00500422;0.199504;0.379554;-0.0123865;0.199697;0.3311;-0.02333;0.196113;0.287431;-0.026643;0.168006;0.443721;-0.00275896;0.176375;0.369472;-0.0247498;0.175772;0.315634;-0.0428505;0.172994;0.267533;-0.0502385;0.140081;0.456522;-0.01503;0.122674;0.410173;-0.0488532;0.128573;0.459644;-0.0533784;0.139268;0.492531;-0.0458749;0.112754;0.477362;-0.0278667;0.0996355;0.45211;-0.0597967;0.105311;0.491829;-0.0652915;0.115657;0.517636;-0.0619208
0.481589;0.190854;0.127925;0.583972;2.14852e-05;0.160515;0.552628;-0.0181289;0.175284;0.483765;-0.0215108;0.154173;0.419546;-0.0266017;0.130588;0.393243;-0.0285138;0.195877;0.453444;0.00924966;0.198977;0.38485;-0.00737942;0.199367;0.336434;-0.0172684;0.195559;0.292994;-0.0189176;0.168118;0.450919;0.0026067;0.175631;0.374425;-0.0201963;0.175332;0.320424;-0.0398668;0.171904;0.27215;-0.0480648;0.139518;0.463614;-0.00889713;0.122554;0.416876;-0.044384;0.129414;0.468062;-0.0502398;0.139798;0.501839;-0.0429978;0.111735;0.48456;-0.0209014;0.100207;0.459213;-0.0548288;0.106883;0.499602;-0.0616644;0.117278;0.525935;-0.0584617
