nose_x;nose_y;nose_z;right_eye_inner_x;right_eye_inner_y;right_eye_inner_z;right_eye_x;right_eye_y;right_eye_z;right_eye_outer_x;right_eye_outer_y;right_eye_outer_z;left_eye_inner_x;left_eye_inner_y;left_eye_inner_z;left_eye_x;left_eye_y;left_eye_z;left_eye_outer_x;left_eye_outer_y;left_eye_outer_z;right_ear_x;right_ear_y;right_ear_z;left_ear_x;left_ear_y;left_ear_z;mouth_right_x;mouth_right_y;mouth_right_z;mouth_left_x;mouth_left_y;mouth_left_z;right_shoulder_x;right_shoulder_y;right_shoulder_z;left_shoulder_x;left_shoulder_y;left_shoulder_z;right_elbow_x;right_elbow_y;right_elbow_z;left_elbow_x;left_elbow_y;left_elbow_z;right_wrist_x;right_wrist_y;right_wrist_z;left_wrist_x;left_wrist_y;left_wrist_z;right_pinky_1_x;right_pinky_1_y;right_pinky_1_z;left_pinky_1_x;left_pinky_1_y;left_pinky_1_z;right_index_1_x;right_index_1_y;right_index_1_z;left_index_1_x;left_index_1_y;left_index_1_z;right_thumb_2_x;right_thumb_2_y;right_thumb_2_z;left_thumb_2_x;left_thumb_2_y;left_thumb_2_z;right_hip_x;right_hip_y;right_hip_z;left_hip_x;left_hip_y;left_hip_z
0.475613;0.442803;0.00120637;0.492117;0.392837;0.00200603;0.508017;0.391003;-0.0071228;0.523005;0.389904;0.00594299;0.45329;0.397019;-0.00582574;0.437858;0.398818;0.0042429;0.42245;0.401283;0.0125235;0.54566;0.418967;0.00282127;0.405787;0.433896;0.00499768;0.50806;0.495859;-0.00269853;0.449562;0.501483;0.00600894;0.645268;0.67949;-0.0767972;0.320123;0.700654;0.0911015;0.695562;1.0565;-0.23473;0.283735;1.09604;0.0561323;0.710984;1.32654;0.106051;0.371416;1.35143;-0.152305;0.728318;1.4161;-0.0113804;0.382159;1.4535;-0.00555461;0.703432;1.40323;-0.00692494;0.423395;1.4251;0.0055656;0.683876;1.38196;0.00232114;0.428987;1.39797;-0.00075753;0.611477;1.2243;0.411774;0.38314;1.23436;0.635951
0.473498;0.452713;0.000598918;0.490544;0.399509;0.00197312;0.506316;0.398585;-0.00706914;0.522996;0.396948;0.00580693;0.451153;0.403136;-0.00605719;0.435401;0.404719;0.00450481;0.419629;0.405643;0.0119548;0.544266;0.425441;0.00260423;0.40288;0.437022;0.00458098;0.505679;0.505019;-0.00272936;0.446342;0.509814;0.00579967;0.637878;0.673725;-0.0789248;0.317089;0.699774;0.0940134;0.685154;1.05491;-0.248149;0.285488;1.08491;0.0426833;0.707433;1.34305;0.0780544;0.378369;1.32399;-0.219945;0.73241;1.43543;-0.0108667;0.38537;1.42139;-0.0055494;0.703498;1.43184;-0.00700386;0.428674;1.39242;0.00606082;0.679617;1.40945;0.00184527;0.432701;1.37103;-0.000849639;0.606174;1.18377;0.486084;0.385563;1.2033;0.724252
0.478256;0.454466;0.000622537;0.494674;0.402095;0.00229072;0.510264;0.400231;-0.0072261;0.525879;0.399021;0.00615889;0.455228;0.406462;-0.00544383;0.439638;0.408326;0.0042832;0.424024;0.409536;0.0119585;0.546269;0.426265;0.00351064;0.405861;0.440424;0.00491202;0.51062;0.505676;-0.00196732;0.451426;0.511575;0.00584987;0.639616;0.674522;-0.0757752;0.320765;0.695961;0.0901484;0.683577;1.05239;-0.218357;0.277041;1.06949;0.0830193;0.703407;1.35351;0.0985998;0.337822;1.33337;-0.216402;0.727219;1.446;-0.0102049;0.335147;1.43184;-0.00561271;0.695889;1.44581;-0.00681287;0.377207;1.41155;0.00609421;0.672844;1.42139;0.00168795;0.38595;1.38729;-0.000933356;0.599754;1.17287;0.488457;0.381765;1.18191;0.702789
0.478087;0.44473;0.000736242;0.495039;0.393834;0.00187715;0.510528;0.392375;-0.00720554;0.526929;0.390868;0.00583645;0.4545;0.397901;-0.00584359;0.438555;0.399384;0.00501999;0.422627;0.401515;0.0115303;0.547833;0.42225;0.00238164;0.403871;0.435619;0.00482746;0.510557;0.499539;-0.00220516;0.450408;0.504631;0.00558332;0.64389;0.675726;-0.0647465;0.31651;0.695434;0.0806051;0.701107;1.05204;-0.232403;0.275453;1.08597;-0.023246;0.72392;1.33402;0.0516831;0.376889;1.3002;-0.189847;0.748224;1.42628;-0.0111167;0.387867;1.38925;-0.0054514;0.717045;1.42141;-0.0071378;0.429577;1.3598;0.00595411;0.693639;1.39925;0.00122202;0.4323;1.34147;-0.000899356;0.603926;1.17922;0.50063;0.377655;1.18845;0.704624
0.478759;0.426835;0.000817781;0.495728;0.380917;0.00146414;0.510196;0.380191;-0.00793128;0.525569;0.37942;0.00528752;0.457361;0.385416;-0.00557734;0.442909;0.386785;0.00461598;0.428021;0.388819;0.0118545;0.548052;0.409839;0.00244937;0.412105;0.422453;0.00523097;0.509971;0.480639;-0.00207118;0.453519;0.486046;0.00475735;0.645047;0.67023;-0.0742515;0.324909;0.685;0.0890679;0.693067;1.03673;-0.22496;0.269488;1.06055;-0.103093;0.710647;1.30755;0.08641;0.353671;1.18767;-0.183225;0.729933;1.39156;-0.0109921;0.366893;1.24624;-0.00571519;0.706294;1.3876;-0.00700172;0.396032;1.21645;0.00582476;0.684986;1.36806;0.000706446;0.40133;1.21104;6.17491e-06;0.600883;1.18944;0.408751;0.378182;1.19031;0.625228
0.478943;0.443959;-0.000266375;0.495781;0.392571;0.000337452;0.511895;0.391533;-0.00871996;0.527113;0.390517;0.0047134;0.456411;0.396737;-0.00573866;0.440753;0.3984;0.00448595;0.425095;0.400064;0.0113233;0.548961;0.418643;0.00062023;0.40755;0.430445;0.00472039;0.510493;0.496053;-0.0027696;0.451883;0.501971;0.00455593;0.643468;0.672407;-0.076982;0.320726;0.691907;0.0959055;0.687704;1.06376;-0.206256;0.280802;1.08791;-0.316662;0.708217;1.3474;-0.0131849;0.414436;1.06292;-0.240968;0.732616;1.43726;-0.0113583;0.444644;1.07873;-0.00612707;0.705747;1.43793;-0.00740427;0.466612;1.04378;0.00573516;0.682178;1.41558;-0.000666157;0.464962;1.05529;0.000924659;0.596988;1.19089;0.438937;0.376241;1.19893;0.687967
0.475858;0.430682;-0.000879355;0.494714;0.381612;-0.00148421;0.510664;0.380551;-0.0091581;0.527508;0.380096;0.00343775;0.455731;0.384556;-0.00533415;0.440216;0.384975;0.0019293;0.425161;0.386643;0.0114788;0.552735;0.409687;0.000729548;0.41317;0.4185;0.00485615;0.509409;0.485906;-0.00212846;0.451816;0.489983;0.00305328;0.652971;0.676907;-0.0960423;0.331519;0.679908;0.109398;0.684447;1.04184;-0.166148;0.302263;1.01306;-0.66415;0.681371;1.27654;-0.0852909;0.396515;0.698965;-0.218686;0.694893;1.35942;-0.0111324;0.425163;0.619359;-0.00620354;0.669918;1.34874;-0.00714914;0.416881;0.596878;0.00586063;0.653708;1.33026;-0.00173013;0.424094;0.638938;0.00296495;0.613168;1.21657;0.378406;0.389313;1.22261;0.657499
0.479002;0.427823;0.00117568;0.498384;0.379449;0.00130306;0.514242;0.378855;-0.00719521;0.5301;0.37826;0.00552551;0.458749;0.381561;-0.00612109;0.443783;0.382749;0.00516747;0.428377;0.383954;0.0118015;0.553587;0.408727;0.00213446;0.41354;0.415857;0.00550829;0.510871;0.482426;-0.0026939;0.453187;0.485842;0.00521911;0.655468;0.673239;-0.0660444;0.323416;0.690699;0.0827897;0.706484;1.04749;-0.210527;0.271353;1.09264;-0.0880225;0.707348;1.28444;0.0210141;0.367109;1.19312;-0.210086;0.721238;1.36793;-0.0112645;0.390202;1.24993;-0.0053878;0.694459;1.35013;-0.00683373;0.416214;1.20256;0.0053396;0.675586;1.33077;0.0015165;0.418765;1.19745;0.000254974;0.615465;1.22644;0.37831;0.382389;1.23267;0.585201
0.471786;0.424013;0.00144939;0.494147;0.375672;0.0015583;0.510839;0.375654;-0.00683698;0.527542;0.37626;0.00573579;0.454203;0.377211;-0.00590389;0.438828;0.377179;0.00478554;0.423904;0.377754;0.0121851;0.554533;0.40958;0.00242879;0.410915;0.41074;0.00535501;0.505825;0.481427;-0.00269122;0.446105;0.482478;0.00515604;0.655287;0.671835;-0.0923215;0.321786;0.689681;0.106428;0.699411;1.05122;-0.270707;0.267671;1.10034;-0.0453923;0.694154;1.28257;0.0506616;0.363604;1.24783;-0.219003;0.704526;1.36589;-0.0115196;0.385175;1.31947;-0.00517662;0.680419;1.34558;-0.00665173;0.415068;1.27458;0.00556084;0.663358;1.32624;0.00227099;0.417903;1.26198;0.000210011;0.613053;1.22198;0.359845;0.378563;1.22601;0.625284
0.471116;0.422356;0.000925535;0.494481;0.374968;0.001299;0.510248;0.375738;-0.00695647;0.526881;0.375859;0.0057361;0.4551;0.375534;-0.00598564;0.440664;0.375969;0.00425592;0.425791;0.376417;0.0125661;0.554513;0.40926;0.00249373;0.414443;0.407882;0.00457042;0.504779;0.478606;-0.00308341;0.446141;0.479129;0.00503874;0.658251;0.674404;-0.10474;0.323568;0.68263;0.117703;0.696439;1.06352;-0.267785;0.267478;1.08891;-0.0761896;0.676731;1.32679;0.04299;0.371102;1.22895;-0.233437;0.685997;1.41988;-0.0115406;0.392282;1.29927;-0.00512078;0.65599;1.40335;-0.00656335;0.423204;1.25974;0.00556859;0.639852;1.3777;0.00193311;0.425644;1.24722;0.000458067;0.612998;1.22041;0.342388;0.37839;1.21877;0.638833
0.479477;0.422925;0.00102022;0.499503;0.374777;0.00115818;0.515198;0.374468;-0.00720114;0.531766;0.374142;0.00544684;0.460271;0.37617;-0.00612131;0.445454;0.377082;0.00472809;0.430195;0.377383;0.0118815;0.555616;0.405301;0.00186501;0.41611;0.408669;0.00507213;0.511841;0.477483;-0.00291247;0.453432;0.479874;0.0050551;0.657622;0.670587;-0.0784835;0.322809;0.679044;0.0941802;0.697994;1.05492;-0.23327;0.275325;1.08681;-0.109986;0.689958;1.30439;-0.00124845;0.380999;1.1914;-0.241991;0.702163;1.39346;-0.0112956;0.405569;1.2517;-0.00529355;0.67322;1.37666;-0.00701719;0.432141;1.20404;0.00525608;0.654667;1.35222;0.00144517;0.432928;1.19534;0.000488393;0.607149;1.2192;0.371271;0.372497;1.2139;0.606939
0.478679;0.416846;0.000492643;0.499927;0.371693;0.000772698;0.51557;0.371663;-0.00778044;0.531213;0.372869;0.00511228;0.46169;0.371149;-0.00555358;0.447351;0.371177;0.00416179;0.432578;0.371205;0.0123224;0.554707;0.404958;0.00180084;0.418268;0.401513;0.00467438;0.508714;0.473023;-0.00273945;0.452227;0.472514;0.00475924;0.650553;0.6705;-0.0972216;0.323803;0.672984;0.110963;0.690024;1.05357;-0.226162;0.271609;1.07291;-0.206392;0.674638;1.32303;0.0286505;0.379411;1.11843;-0.225728;0.686895;1.41817;-0.0112905;0.40117;1.15423;-0.00554;0.65647;1.40835;-0.00693858;0.426776;1.12205;0.00539403;0.639066;1.38366;0.00104214;0.430689;1.12451;0.000810039;0.592843;1.21072;0.338483;0.365153;1.20374;0.624391
0.478605;0.41291;0.000478859;0.499889;0.369141;0.000750803;0.515453;0.369519;-0.007405;0.53101;0.370511;0.00517201;0.462692;0.36947;-0.00585778;0.448425;0.369124;0.00417207;0.43415;0.369393;0.012398;0.556568;0.403114;0.00153117;0.422101;0.400469;0.0044153;0.509936;0.469026;-0.00296605;0.453716;0.468893;0.00450989;0.653718;0.66872;-0.0944272;0.329773;0.670707;0.107994;0.693247;1.05102;-0.253391;0.274368;1.07162;-0.206151;0.678911;1.309;0.0246743;0.39202;1.14213;-0.201286;0.689061;1.40028;-0.0115129;0.416968;1.18948;-0.00528687;0.661538;1.38731;-0.00693205;0.444619;1.15571;0.00565509;0.645404;1.36232;0.00127104;0.446407;1.15083;0.00040665;0.604921;1.20388;0.334468;0.377478;1.20082;0.616182
0.477655;0.418975;0.0012102;0.498704;0.371867;0.00152514;0.514184;0.371241;-0.00649359;0.529664;0.371839;0.00609719;0.459575;0.372513;-0.00620133;0.444955;0.373138;0.00451831;0.429906;0.373763;0.0126513;0.554617;0.403005;0.00179892;0.41659;0.404964;0.0042294;0.50993;0.475208;-0.00305196;0.452311;0.475872;0.00559329;0.654496;0.671997;-0.0670792;0.319965;0.683306;0.0820753;0.701104;1.05234;-0.20586;0.281451;1.10164;-0.0655205;0.684021;1.31532;0.00679929;0.409679;1.30333;-0.162538;0.694384;1.41193;-0.0115024;0.43294;1.39627;-0.00440745;0.662557;1.39484;-0.00700757;0.473343;1.35832;0.00515322;0.646205;1.36672;0.00267739;0.472902;1.33386;-0.000851171;0.601412;1.20165;0.3928;0.370076;1.2043;0.612313
0.473049;0.415507;0.00125097;0.495031;0.370368;0.00206902;0.510494;0.37103;-0.00589997;0.525959;0.371081;0.00624564;0.457657;0.370857;-0.00598723;0.44305;0.37142;0.00413468;0.428873;0.371985;0.0128739;0.551678;0.405378;0.00231233;0.417652;0.404329;0.00366483;0.505177;0.47182;-0.00279896;0.448902;0.471636;0.00528581;0.650049;0.672687;-0.0863449;0.326129;0.683847;0.0991248;0.7027;1.0541;-0.196317;0.29842;1.08332;0.0541535;0.692771;1.34977;0.056382;0.40664;1.3696;-0.150352;0.706348;1.45489;-0.0113905;0.417192;1.48572;-0.00462466;0.668565;1.44255;-0.00680946;0.467496;1.459;0.00515492;0.651435;1.4095;0.00321847;0.469703;1.42235;-0.00147331;0.59941;1.17228;0.393492;0.376876;1.18011;0.655964
0.474525;0.416865;0.00118106;0.495954;0.370402;0.00193767;0.511415;0.370372;-0.00603278;0.526877;0.370953;0.00636831;0.457731;0.370476;-0.00588515;0.443129;0.370504;0.00427126;0.428527;0.371143;0.012636;0.551817;0.403277;0.00247955;0.415243;0.40232;0.00399277;0.50636;0.472998;-0.00265234;0.44924;0.473108;0.00551607;0.65085;0.668177;-0.0846065;0.321455;0.681031;0.0975982;0.704472;1.05044;-0.202819;0.290916;1.08056;0.0591602;0.690145;1.33755;0.0407196;0.391245;1.35279;-0.16771;0.702271;1.44258;-0.0112066;0.400798;1.46271;-0.00469067;0.664463;1.428;-0.00668706;0.448015;1.43575;0.00517047;0.646394;1.39627;0.00308685;0.450989;1.40276;-0.00115505;0.598951;1.18624;0.375146;0.371764;1.19157;0.632616
0.471637;0.411744;0.00139195;0.492679;0.365875;0.00197794;0.508154;0.365861;-0.00603458;0.523628;0.365847;0.00642076;0.454854;0.367743;-0.00578608;0.44024;0.368367;0.00427491;0.426055;0.369603;0.0126602;0.550293;0.399447;0.00241954;0.414894;0.402625;0.00416074;0.50476;0.467345;-0.00253875;0.448022;0.46923;0.00513795;0.649276;0.668343;-0.0831207;0.32647;0.68086;0.0962309;0.699306;1.04732;-0.201488;0.294408;1.07825;0.0581361;0.692556;1.33466;0.0546974;0.390385;1.35327;-0.149048;0.707216;1.43735;-0.0113236;0.398171;1.4633;-0.00473834;0.670244;1.42393;-0.00665583;0.446302;1.4388;0.00510773;0.652177;1.39338;0.00304247;0.449727;1.40579;-0.00113001;0.59362;1.17213;0.392876;0.371823;1.176;0.643044
0.472263;0.407083;0.00145402;0.492352;0.362092;0.00196053;0.507838;0.361693;-0.00631672;0.52246;0.361893;0.0064612;0.455351;0.364033;-0.00560777;0.441581;0.365068;0.00441162;0.427381;0.366097;0.0128821;0.548912;0.393451;0.00246621;0.41684;0.398373;0.0046737;0.504584;0.461353;-0.00250821;0.449516;0.463659;0.00512057;0.650314;0.662758;-0.0789187;0.326809;0.673625;0.0916058;0.700237;1.03963;-0.204393;0.283663;1.07553;0.0481952;0.693231;1.31235;0.0721987;0.367887;1.34093;-0.12741;0.704603;1.4116;-0.0113634;0.375776;1.44625;-0.00484842;0.671166;1.39524;-0.00640072;0.419386;1.42115;0.00499961;0.653294;1.36685;0.00325412;0.425183;1.39065;-0.00103991;0.595171;1.185;0.34793;0.370658;1.1856;0.581891
0.464864;0.399753;0.0017075;0.485832;0.35668;0.00179648;0.500454;0.355688;-0.00634645;0.515926;0.355932;0.00661508;0.449706;0.359167;-0.00547675;0.436368;0.360791;0.00462384;0.423035;0.361803;0.0131227;0.544909;0.387566;0.00198788;0.415902;0.394702;0.00507044;0.498832;0.453474;-0.00269304;0.445076;0.456906;0.00460034;0.648497;0.663685;-0.0812345;0.329066;0.671487;0.0938603;0.697161;1.03797;-0.207814;0.280804;1.07298;0.0328001;0.70198;1.30214;0.076238;0.370367;1.3287;-0.110354;0.715868;1.39528;-0.0117393;0.381171;1.43158;-0.00494284;0.685898;1.38014;-0.00619534;0.424789;1.40536;0.0045634;0.667187;1.35417;0.00332601;0.428886;1.37609;-0.000945251;0.591933;1.19281;0.317631;0.369734;1.18931;0.560046
0.465186;0.396233;0.00189973;0.486288;0.354613;0.00203387;0.500888;0.354354;-0.00643864;0.515487;0.354096;0.00672033;0.451044;0.358037;-0.00549296;0.438155;0.358947;0.0046043;0.42525;0.361078;0.0134205;0.545159;0.38595;0.00217975;0.419714;0.393305;0.00517439;0.498887;0.450165;-0.00270289;0.446905;0.453185;0.00482563;0.648329;0.662581;-0.075815;0.331455;0.666542;0.088424;0.6954;1.03555;-0.186399;0.271318;1.06562;0.0474313;0.691297;1.30776;0.0949699;0.355328;1.32897;-0.106989;0.703008;1.40574;-0.0116499;0.36565;1.43546;-0.00487593;0.672281;1.39034;-0.00625085;0.411063;1.40725;0.0044165;0.65459;1.36183;0.00343729;0.415719;1.37683;-0.000905434;0.585427;1.18554;0.327727;0.364857;1.17778;0.550289
0.467502;0.403162;0.00170718;0.486985;0.360786;0.00207408;0.501174;0.359652;-0.00663774;0.51492;0.359107;0.00684548;0.452546;0.365197;-0.00534102;0.439643;0.366393;0.00504951;0.427153;0.368221;0.0132152;0.544243;0.388624;0.00206571;0.421682;0.399079;0.00559232;0.500608;0.453617;-0.00287155;0.449851;0.458446;0.00465748;0.649968;0.664812;-0.0674429;0.335823;0.665241;0.0811674;0.693344;1.03437;-0.175952;0.269763;1.05261;0.0587043;0.690197;1.30521;0.102826;0.335878;1.29878;-0.118802;0.700745;1.40094;-0.0110707;0.341682;1.3955;-0.00514668;0.671894;1.38731;-0.00593074;0.381768;1.37061;0.00425539;0.654514;1.36082;0.0033306;0.387963;1.34528;-0.000651293;0.586266;1.20244;0.300866;0.366894;1.188;0.500943
0.466382;0.397254;0.00168756;0.488052;0.357016;0.00175947;0.502204;0.356581;-0.00668667;0.51675;0.357388;0.00662646;0.453297;0.358746;-0.00508776;0.440412;0.35986;0.00501751;0.427955;0.360998;0.0133332;0.545043;0.388207;0.0018615;0.422398;0.39177;0.00573334;0.498781;0.45024;-0.0028282;0.447735;0.452286;0.00422475;0.647117;0.666266;-0.0819928;0.332802;0.659207;0.0946771;0.692717;1.03504;-0.202306;0.26263;1.04655;0.0319515;0.692293;1.30072;0.0960151;0.331105;1.26852;-0.132409;0.704306;1.39401;-0.0113262;0.339762;1.35919;-0.00525835;0.676435;1.37906;-0.00591397;0.376928;1.332;0.00428161;0.658278;1.35368;0.00320117;0.382662;1.31037;-0.000330529;0.581879;1.20197;0.283657;0.361248;1.18487;0.519788
0.467442;0.399144;0.00160323;0.487567;0.358409;0.00222397;0.500871;0.357431;-0.0064998;0.515457;0.356534;0.00677049;0.453189;0.362306;-0.00543042;0.440701;0.364555;0.00457492;0.428232;0.366195;0.0135009;0.54445;0.387613;0.00240275;0.42339;0.397553;0.00518647;0.500522;0.449971;-0.00306777;0.450277;0.454684;0.00469523;0.649495;0.668348;-0.0729849;0.338098;0.658232;0.085657;0.686559;1.04096;-0.157733;0.267675;1.0313;0.0993985;0.669708;1.33098;0.111964;0.323534;1.29672;-0.133779;0.678415;1.43506;-0.0110814;0.328746;1.40301;-0.0050929;0.644613;1.42072;-0.00575458;0.369796;1.37762;0.00415051;0.629371;1.38808;0.0035256;0.377164;1.34764;-0.000484979;0.578752;1.20095;0.291726;0.361475;1.17978;0.498757
0.461094;0.392306;0.00139996;0.48117;0.352038;0.0019461;0.495334;0.350805;-0.00639029;0.509473;0.350178;0.0066471;0.446347;0.356387;-0.00495614;0.433861;0.358371;0.00483941;0.421376;0.360355;0.013461;0.538913;0.382476;0.00222626;0.41617;0.392758;0.00549645;0.494408;0.444395;-0.00320015;0.443341;0.448585;0.00423907;0.643557;0.661396;-0.0837808;0.333307;0.655796;0.0953074;0.68453;1.03102;-0.194457;0.26563;1.02595;0.101764;0.677664;1.31753;0.0980823;0.316559;1.29059;-0.142374;0.688792;1.41944;-0.011213;0.319063;1.3942;-0.00521963;0.657663;1.40707;-0.00560985;0.358909;1.37203;0.00416903;0.639278;1.37632;0.00362539;0.366946;1.34352;-0.000308091;0.577754;1.19107;0.279412;0.360365;1.17387;0.51101
0.468628;0.3977;0.00167863;0.487898;0.357167;0.00229418;0.501572;0.356277;-0.00643169;0.515246;0.355387;0.00684095;0.453236;0.360876;-0.00545679;0.440818;0.362457;0.00463827;0.4284;0.364039;0.0134556;0.542388;0.385126;0.00238069;0.421833;0.39452;0.00490778;0.501014;0.44902;-0.00279328;0.450572;0.452869;0.00486453;0.643767;0.667325;-0.0589866;0.332365;0.658899;0.0722426;0.682438;1.03926;-0.124362;0.274729;1.04187;0.0962524;0.670211;1.32708;0.116482;0.334133;1.32971;-0.0963589;0.679599;1.42838;-0.0109801;0.334729;1.4389;-0.00492775;0.646742;1.41644;-0.00594923;0.380554;1.42019;0.00416579;0.629891;1.38498;0.00378648;0.388924;1.3868;-0.00115707;0.570963;1.1845;0.326875;0.357104;1.16633;0.502983
0.465553;0.394737;0.00152088;0.486008;0.354658;0.00217244;0.499677;0.354011;-0.00636607;0.513345;0.353364;0.00679491;0.452198;0.357822;-0.00531226;0.440228;0.358614;0.00450778;0.427782;0.360579;0.0133771;0.5419;0.3837;0.00221898;0.422705;0.389851;0.00490337;0.49751;0.445372;-0.00305006;0.448357;0.448433;0.00456429;0.643462;0.662804;-0.0745711;0.334639;0.647242;0.0868046;0.678737;1.03747;-0.15361;0.266445;1.0191;0.113612;0.665393;1.33219;0.116059;0.322627;1.30281;-0.123718;0.674633;1.43605;-0.0111232;0.323913;1.41326;-0.00526572;0.641912;1.42354;-0.00564469;0.369111;1.39288;0.00406232;0.624555;1.39053;0.00343402;0.376864;1.36081;-0.000675668;0.570449;1.17855;0.301901;0.356108;1.15653;0.516998
0.461482;0.396231;0.00148068;0.480831;0.355654;0.0021596;0.494512;0.354518;-0.00630119;0.507769;0.353343;0.00700502;0.447845;0.359818;-0.00517242;0.435832;0.361716;0.00492675;0.424243;0.363654;0.0133128;0.536244;0.382068;0.00223264;0.421172;0.393044;0.00514918;0.494544;0.445375;-0.00287836;0.44618;0.450515;0.00434577;0.64144;0.665741;-0.0682043;0.33728;0.649231;0.081059;0.677696;1.03984;-0.123979;0.276123;1.01174;0.150326;0.667116;1.34048;0.118986;0.31529;1.30494;-0.104537;0.677667;1.44323;-0.0105241;0.309392;1.41341;-0.0051359;0.643234;1.43272;-0.00567373;0.35258;1.40052;0.00389094;0.625188;1.39952;0.00353903;0.362151;1.36871;-0.000847823;0.564677;1.18062;0.301926;0.354643;1.1548;0.501015
0.461992;0.398362;0.00130601;0.482526;0.356994;0.00207966;0.496625;0.356106;-0.00608973;0.510724;0.355217;0.00674315;0.448272;0.360535;-0.00548606;0.435443;0.361562;0.0047066;0.423005;0.363237;0.0133337;0.539714;0.386227;0.00203488;0.418358;0.394221;0.00463695;0.495449;0.449237;-0.00331685;0.444165;0.452742;0.00481274;0.641587;0.66134;-0.0753057;0.333288;0.653844;0.0879893;0.680093;1.03796;-0.169716;0.276843;1.03043;0.120999;0.659213;1.33121;0.0910673;0.337694;1.32409;-0.122591;0.667191;1.43624;-0.0110385;0.33711;1.43788;-0.00497859;0.631303;1.42264;-0.00575141;0.384482;1.42002;0.00412284;0.615207;1.3894;0.00387076;0.39144;1.38565;-0.000903011;0.569361;1.18094;0.311624;0.354838;1.16366;0.531969
0.456993;0.393969;0.00140342;0.477064;0.354084;0.00203803;0.490718;0.352908;-0.00637919;0.504768;0.352373;0.00672714;0.443721;0.358305;-0.00529555;0.432156;0.360275;0.00472888;0.420168;0.362207;0.0135272;0.534028;0.382237;0.00216395;0.417121;0.392155;0.00505364;0.490439;0.444163;-0.00320285;0.441353;0.448765;0.00462284;0.640534;0.660324;-0.0782602;0.332453;0.649226;0.089925;0.679786;1.03506;-0.16161;0.2664;1.02164;0.108058;0.661494;1.32839;0.111028;0.321522;1.29868;-0.114633;0.669537;1.4331;-0.0110948;0.323899;1.40649;-0.00501387;0.635312;1.41911;-0.00567333;0.36689;1.38622;0.00396669;0.619788;1.38626;0.00366845;0.374702;1.35429;-0.00061845;0.568342;1.18814;0.274441;0.353409;1.16617;0.496284
0.457783;0.393985;0.00123719;0.477423;0.3542;0.00212892;0.491046;0.353056;-0.00618511;0.50509;0.35195;0.00661816;0.44413;0.358942;-0.0053818;0.431747;0.360805;0.00472726;0.419758;0.363308;0.0132628;0.53422;0.382403;0.00246446;0.417055;0.394417;0.00495866;0.491546;0.443565;-0.00321156;0.442097;0.449215;0.00450247;0.641051;0.659512;-0.0800791;0.337928;0.648792;0.0922973;0.67805;1.03506;-0.163226;0.272518;1.01059;0.135722;0.65838;1.33356;0.116469;0.316187;1.28724;-0.127365;0.666239;1.43923;-0.0108033;0.315069;1.39449;-0.00507437;0.631213;1.42632;-0.00559998;0.357076;1.37548;0.00415536;0.614972;1.39225;0.0035471;0.365691;1.34492;-0.000504957;0.573074;1.17847;0.286888;0.360744;1.15751;0.50946
0.456493;0.395542;0.00145515;0.476302;0.355684;0.00226888;0.489885;0.3544;-0.0062757;0.503468;0.353116;0.00665825;0.442717;0.360127;-0.00509839;0.430374;0.362114;0.0047785;0.418006;0.364701;0.013422;0.533502;0.38386;0.00222106;0.414205;0.395658;0.00494999;0.49038;0.445847;-0.00317248;0.440262;0.45133;0.00452787;0.636467;0.658163;-0.0766144;0.333858;0.654822;0.0885919;0.675579;1.02581;-0.161882;0.276497;1.02413;0.131384;0.666813;1.32336;0.124314;0.327915;1.31823;-0.125369;0.677873;1.4253;-0.0109091;0.326735;1.42998;-0.0050786;0.645248;1.4166;-0.00572497;0.371912;1.41086;0.00399693;0.627979;1.3839;0.00391448;0.380074;1.37666;-0.000856602;0.569313;1.16377;0.314478;0.359403;1.14764;0.528913
0.454116;0.39421;0.000842485;0.474219;0.355004;0.000836726;0.487749;0.354279;-0.00616397;0.501675;0.354185;0.00581842;0.440735;0.358945;-0.00614422;0.428444;0.360368;0.00445925;0.41655;0.362424;0.012973;0.530853;0.384705;0.00100045;0.41236;0.393893;0.00430128;0.487145;0.444836;-0.00438356;0.438028;0.449335;0.00464354;0.639451;0.648946;-0.0793516;0.330571;0.650211;0.0937792;0.676456;1.01731;-0.268542;0.264551;1.03139;-0.0861441;0.638271;1.25909;-0.0111761;0.381677;1.1859;-0.178396;0.640542;1.35167;-0.011209;0.408906;1.26607;-0.00442963;0.609329;1.32999;-0.00667736;0.440879;1.22541;0.00441647;0.598633;1.30154;0.00246822;0.436958;1.20709;0.00031079;0.590855;1.17732;0.305822;0.370885;1.17064;0.539191
0.461546;0.40229;-7.21712e-05;0.478927;0.362539;-0.00180699;0.491919;0.362076;-0.00542425;0.50533;0.361617;0.00387259;0.444969;0.365768;-0.00729344;0.432812;0.366836;0.00138389;0.420655;0.367903;0.0131007;0.529496;0.388681;3.74411e-05;0.41255;0.396426;0.00226201;0.491473;0.450271;-0.00521474;0.443267;0.45395;0.00610514;0.628009;0.629257;-0.0566714;0.331582;0.66437;0.0679848;0.647075;1.00251;-0.545554;0.262897;1.07249;-0.486054;0.506219;1.01538;-0.177242;0.468258;0.981616;-0.221658;0.480497;1.04729;-0.00970931;0.532329;0.989422;-0.00124885;0.461021;1.00419;-0.00987953;0.53852;0.925123;0.00636703;0.468587;0.999498;0.001843;0.519204;0.933269;0.00130696;0.611067;1.16305;0.435354;0.395951;1.19423;0.584522
0.456987;0.399001;-0.000295272;0.474646;0.358633;-0.00273009;0.487951;0.357316;-0.00575322;0.501284;0.356591;0.00311266;0.44011;0.361457;-0.00709791;0.428053;0.36265;-0.000260067;0.415581;0.363885;0.0130367;0.525123;0.382751;0.000160049;0.407794;0.392581;0.00208868;0.486499;0.447178;-0.004669;0.438242;0.451359;0.00650859;0.621343;0.624556;-0.0794445;0.338049;0.66626;0.0852792;0.631689;1.00676;-0.655978;0.285014;1.08504;-0.599298;0.453906;0.993462;-0.135967;0.489815;0.916233;-0.21984;0.419261;1.01115;-0.00914915;0.555883;0.891869;-0.000880727;0.403284;0.966388;-0.0105818;0.549432;0.828339;0.00673976;0.416231;0.966295;0.00105411;0.531175;0.84797;0.00170285;0.619198;1.16129;0.42426;0.409879;1.19508;0.624721
0.451538;0.400247;-0.000221429;0.470763;0.358502;-0.00352343;0.484005;0.357267;-0.0058292;0.498073;0.355918;0.00302795;0.435573;0.361581;-0.00655462;0.422743;0.362759;-0.000616519;0.410365;0.364467;0.0124551;0.52318;0.382068;-0.000225477;0.403875;0.391424;0.00231549;0.481919;0.44877;-0.00404806;0.432661;0.453198;0.00705981;0.62021;0.632256;-0.10591;0.332116;0.645951;0.109123;0.597682;1.03458;-0.751112;0.277302;1.06339;-0.670695;0.378796;0.970018;-0.0634217;0.490218;0.863427;-0.227365;0.337815;0.961458;-0.00824508;0.546643;0.823655;-0.000695052;0.331219;0.919722;-0.010376;0.543865;0.770731;0.00621134;0.349934;0.925432;0.00022406;0.528723;0.792959;0.0024677;0.594087;1.17723;0.425299;0.378207;1.17504;0.674426
0.453306;0.398655;-0.000746232;0.472008;0.357387;-0.00327405;0.485236;0.356908;-0.00534638;0.498474;0.357017;0.00331443;0.438102;0.358026;-0.00688084;0.426114;0.35846;-0.000202004;0.414127;0.358893;0.0124824;0.522053;0.380283;-0.000391691;0.407923;0.382061;0.00215632;0.481027;0.445301;-0.00471644;0.434306;0.446404;0.00619599;0.621545;0.623757;-0.0871444;0.326457;0.637379;0.0955694;0.601322;1.01922;-0.613629;0.277975;1.04857;-0.614042;0.412198;0.99077;-0.129011;0.477941;0.850734;-0.214811;0.377251;1.00262;-0.00828285;0.538095;0.814437;-0.00092956;0.363245;0.959598;-0.0102986;0.530471;0.758238;0.0063252;0.376038;0.957959;0.000288115;0.514337;0.781177;0.00230977;0.593948;1.16185;0.41391;0.378999;1.16963;0.631409
0.457201;0.395476;0.000174373;0.474822;0.357103;-0.0030651;0.487995;0.356461;-0.00633292;0.501168;0.355819;0.00301844;0.440683;0.35994;-0.00578909;0.428759;0.361108;0.00155186;0.416423;0.362295;0.0117391;0.524884;0.382212;-0.00183423;0.408016;0.389668;0.00300074;0.485981;0.443896;-0.00355261;0.439081;0.447355;0.00457914;0.619785;0.626114;-0.0676541;0.330278;0.63554;0.0757891;0.651385;1.01378;-0.59272;0.295388;1.03465;-0.593956;0.555524;0.935219;-0.208008;0.485105;0.817905;-0.188134;0.542948;0.926454;-0.00904887;0.5403;0.782389;-0.00231853;0.532932;0.887084;-0.00923551;0.53321;0.727636;0.00620099;0.53313;0.89528;-0.000341505;0.52063;0.752868;0.00167172;0.587999;1.15403;0.415192;0.373797;1.15861;0.60343
0.454004;0.409534;0.000491224;0.472303;0.367729;-0.0032631;0.484572;0.366831;-0.00561809;0.49766;0.365913;0.00324551;0.437958;0.370939;-0.00566606;0.426106;0.372408;0.00187536;0.414253;0.373877;0.0111786;0.520879;0.389187;-0.00224148;0.405962;0.397959;0.00284582;0.482422;0.45538;-0.00329348;0.436626;0.459466;0.00459488;0.616466;0.631253;-0.0661509;0.329953;0.633952;0.0763831;0.638573;1.01842;-0.631938;0.317962;1.01152;-0.533709;0.538992;0.848653;-0.177733;0.498135;0.790318;-0.133018;0.524414;0.79663;-0.00810899;0.544969;0.739047;-0.00204803;0.524819;0.764017;-0.00870373;0.533768;0.695088;0.00607854;0.524237;0.782662;-0.000118509;0.52265;0.722155;0.00153642;0.578101;1.15621;0.420337;0.371006;1.1592;0.603288
0.4564;0.40387;8.41608e-05;0.472841;0.363372;-0.00322671;0.484995;0.362112;-0.00575044;0.497965;0.361997;0.00316654;0.439618;0.366548;-0.00592144;0.427464;0.367809;0.00203767;0.415715;0.369066;0.0108612;0.518332;0.384876;-0.00185243;0.405691;0.393942;0.00283881;0.483755;0.449169;-0.0033407;0.438378;0.453605;0.00436666;0.615851;0.625551;-0.0578591;0.32688;0.631565;0.0680934;0.645055;1.00115;-0.554475;0.328544;1.01202;-0.54191;0.548903;0.887857;-0.199315;0.496535;0.776487;-0.1372;0.535812;0.860303;-0.00803036;0.538455;0.723081;-0.00221658;0.529982;0.824614;-0.00864467;0.526099;0.678227;0.0060956;0.530027;0.83499;-0.00035307;0.517303;0.705975;0.0017226;0.580826;1.14352;0.413221;0.372512;1.14883;0.578388
0.449229;0.409624;0.000246631;0.468823;0.36856;-0.00343439;0.481278;0.368253;-0.00540586;0.494135;0.367937;0.00320365;0.435484;0.369952;-0.00559108;0.423832;0.370238;0.00168109;0.412188;0.371096;0.0107301;0.517716;0.39022;-0.00215042;0.404818;0.392998;0.00275316;0.47671;0.455245;-0.00330882;0.431712;0.456353;0.00456767;0.612952;0.620508;-0.0746901;0.326061;0.625281;0.0840326;0.637586;0.993713;-0.636498;0.324566;0.997985;-0.541666;0.528769;0.836349;-0.185243;0.504605;0.766068;-0.131599;0.513735;0.78985;-0.00791102;0.548132;0.710126;-0.00197148;0.510132;0.75793;-0.0083568;0.535578;0.669281;0.00592385;0.511962;0.776175;-0.00026841;0.52548;0.698108;0.00180823;0.57662;1.13582;0.406651;0.369695;1.13977;0.611183
0.446618;0.411603;-0.00115021;0.465752;0.368826;-0.00350037;0.478485;0.368607;-0.00474695;0.492008;0.367808;0.00319261;0.432733;0.369962;-0.00682666;0.420797;0.370167;-0.000185355;0.408462;0.37038;0.0110793;0.514492;0.39119;-0.000152228;0.401489;0.392573;0.0019709;0.474463;0.456966;-0.00436147;0.427115;0.457782;0.00559562;0.612009;0.627212;-0.0975379;0.323564;0.634449;0.107834;0.578568;0.999058;-0.563839;0.313094;0.993447;-0.575777;0.38882;0.960448;-0.12763;0.496141;0.75938;-0.200646;0.352272;0.96787;-0.00744217;0.539436;0.70317;-0.00128311;0.343172;0.927278;-0.00908356;0.531946;0.664814;0.0059096;0.359077;0.925871;8.11656e-05;0.52027;0.695577;0.00301542;0.570292;1.14861;0.400895;0.364947;1.14763;0.647401
0.453307;0.410976;-0.000269496;0.471088;0.368234;-0.00368183;0.48453;0.367665;-0.00486174;0.497973;0.367097;0.00320615;0.437087;0.371061;-0.00610034;0.424436;0.371629;0.00115134;0.41218;0.372759;0.0103968;0.520118;0.390703;-0.00131196;0.402697;0.396943;0.00233512;0.481388;0.457634;-0.0032494;0.433945;0.460467;0.00497294;0.619016;0.635255;-0.0690404;0.325655;0.634267;0.0788257;0.62622;1.01536;-0.650769;0.319413;0.996388;-0.589883;0.48069;0.860238;-0.202031;0.510712;0.750014;-0.147866;0.45854;0.817513;-0.00757987;0.552606;0.687017;-0.00153049;0.450229;0.78378;-0.00859299;0.544691;0.649909;0.00613741;0.456559;0.799521;-0.000512737;0.533628;0.684777;0.00223937;0.576434;1.14809;0.442017;0.365705;1.14481;0.623884
0.443768;0.410672;0.00022037;0.464281;0.368137;-0.00331055;0.476883;0.367598;-0.00544887;0.491061;0.367061;0.00350438;0.430017;0.369762;-0.00540887;0.418202;0.370303;0.00219216;0.406386;0.371404;0.0110331;0.517035;0.389507;-0.00276597;0.402824;0.394362;0.00309825;0.47366;0.457769;-0.00338131;0.427975;0.460495;0.00376283;0.620811;0.629959;-0.0608944;0.32269;0.628354;0.0717244;0.660669;1.01761;-0.53402;0.315681;1.01929;-0.533232;0.561514;0.907672;-0.199174;0.493875;0.78658;-0.134489;0.546572;0.879642;-0.00827637;0.541175;0.734008;-0.0024583;0.540298;0.844906;-0.00813484;0.528612;0.685819;0.00591345;0.539501;0.857227;-0.000329593;0.519138;0.713808;0.00190757;0.581808;1.13735;0.417055;0.368752;1.137;0.605695
0.453196;0.410354;3.70631e-05;0.471297;0.366439;-0.00328861;0.48465;0.365092;-0.00560692;0.498007;0.364303;0.003175;0.436338;0.369275;-0.00563762;0.423767;0.37005;0.0012766;0.4112;0.371383;0.0112752;0.522554;0.385125;-0.00200357;0.402743;0.39389;0.00285873;0.482274;0.455695;-0.0035619;0.435137;0.459299;0.00481163;0.617334;0.622762;-0.0544356;0.325376;0.633363;0.064065;0.63859;0.996945;-0.565187;0.292108;1.02078;-0.560864;0.520553;0.890519;-0.215777;0.479698;0.800658;-0.177849;0.502295;0.86959;-0.00823535;0.532796;0.758379;-0.00191605;0.494898;0.831703;-0.00862225;0.5245;0.707091;0.00615655;0.49736;0.843959;-0.000114572;0.512142;0.733018;0.00173796;0.581572;1.13321;0.432341;0.370153;1.13907;0.591128
0.454344;0.407227;0.00079788;0.474639;0.363708;-0.00333882;0.488778;0.363362;-0.00574166;0.502917;0.363016;0.00328665;0.438906;0.365141;-0.00524452;0.425952;0.366016;0.00182131;0.412992;0.366333;0.0113667;0.528349;0.386978;-0.0021374;0.404635;0.390005;0.00303961;0.483615;0.456238;-0.00297977;0.435314;0.457978;0.00490696;0.617739;0.631753;-0.0605897;0.324305;0.63446;0.0684458;0.645977;1.01771;-0.639482;0.282431;1.03777;-0.561707;0.541716;0.842579;-0.214274;0.473799;0.814069;-0.176859;0.52854;0.792615;-0.00844525;0.523517;0.767036;-0.00210364;0.525806;0.761393;-0.0083225;0.518223;0.719115;0.00628484;0.525277;0.782638;5.08744e-05;0.50755;0.746195;0.00138555;0.575971;1.14122;0.439939;0.362656;1.14197;0.614343
0.449407;0.407109;0.000115906;0.469433;0.362325;-0.0026089;0.483199;0.361744;-0.00709842;0.497358;0.361162;0.00377968;0.434822;0.365176;-0.00507952;0.421842;0.365756;0.00240455;0.409256;0.366894;0.0119844;0.523338;0.386854;-0.0023769;0.404163;0.392635;0.00437583;0.480126;0.456288;-0.00330953;0.431748;0.459721;0.00312054;0.622651;0.635074;-0.0602291;0.317036;0.641149;0.0719307;0.666199;0.997502;-0.299129;0.277239;1.05741;-0.555386;0.616698;1.07366;-0.273563;0.450522;0.8289;-0.239343;0.612804;1.12401;-0.00995009;0.509497;0.79748;-0.00389952;0.596253;1.08376;-0.00822926;0.500796;0.735959;0.00554353;0.590736;1.07034;-0.000411386;0.493734;0.758346;0.00213414;0.57348;1.13638;0.403166;0.357541;1.13672;0.605339
0.45356;0.408269;0.000285371;0.473111;0.361431;-0.00283987;0.487294;0.360466;-0.00641201;0.501478;0.3595;0.00361829;0.437255;0.364401;-0.0055259;0.424647;0.365383;0.00217682;0.411645;0.366362;0.0119441;0.528133;0.382757;-0.00162762;0.404033;0.390364;0.00361214;0.485205;0.455665;-0.00304755;0.435563;0.459044;0.00454748;0.623688;0.629135;-0.0555297;0.323134;0.639298;0.0653262;0.67512;1.02403;-0.521428;0.266491;1.06438;-0.552934;0.577725;0.972552;-0.230783;0.440543;0.850067;-0.213455;0.559592;0.975715;-0.00946418;0.495064;0.818175;-0.00280756;0.543299;0.929606;-0.00833192;0.491465;0.755401;0.00635663;0.5417;0.93407;5.56705e-05;0.483462;0.778839;0.0017553;0.585501;1.13731;0.435968;0.366497;1.14277;0.604526
0.457571;0.409957;0.000281109;0.476587;0.362941;-0.00253172;0.490826;0.36215;-0.00698619;0.505065;0.361359;0.00365693;0.441388;0.365194;-0.00556422;0.428335;0.365967;0.00210049;0.415283;0.366739;0.0124082;0.529788;0.385162;-0.00162908;0.407158;0.389943;0.00407734;0.487629;0.457873;-0.00322416;0.438585;0.460912;0.00439882;0.625179;0.638006;-0.0506468;0.318162;0.644058;0.0603409;0.666206;1.02116;-0.418627;0.257818;1.06823;-0.552366;0.589494;1.02802;-0.227119;0.434993;0.856039;-0.236813;0.57703;1.05298;-0.00989194;0.497714;0.831396;-0.00317779;0.561656;1.01046;-0.00854417;0.491639;0.76396;0.00601554;0.559246;1.006;7.35617e-05;0.483096;0.784357;0.00172491;0.579344;1.14524;0.434454;0.359748;1.14764;0.597078
0.463237;0.402495;0.000249899;0.479983;0.358459;-0.00202092;0.494289;0.357366;-0.00781049;0.507801;0.356271;0.00349858;0.445408;0.362324;-0.00548845;0.432293;0.363985;0.00243224;0.419576;0.365647;0.0125912;0.530813;0.382893;-0.00124173;0.409607;0.392747;0.00464097;0.492578;0.451173;-0.00311209;0.443696;0.456695;0.00416911;0.627435;0.638584;-0.0526494;0.320271;0.645689;0.0616396;0.672249;1.01169;-0.359208;0.241845;1.06481;-0.559475;0.614924;1.09291;-0.228677;0.417332;0.869734;-0.27477;0.607709;1.14149;-0.0104181;0.480135;0.852945;-0.00393629;0.590275;1.10302;-0.00840652;0.479432;0.782867;0.00593548;0.586319;1.08945;-4.23692e-05;0.471856;0.803192;0.00191382;0.579885;1.1482;0.41007;0.35856;1.14762;0.57219
0.462164;0.405431;0.000633353;0.480361;0.359679;-0.00175594;0.493931;0.358126;-0.00788381;0.508296;0.357148;0.00375494;0.444835;0.364397;-0.00529742;0.432063;0.365959;0.00256925;0.418888;0.368084;0.0129382;0.53369;0.381819;-0.00111012;0.411169;0.394095;0.00493283;0.493416;0.453425;-0.00306471;0.44432;0.459696;0.00445918;0.629622;0.639851;-0.051653;0.323254;0.645579;0.0606773;0.671479;1.01359;-0.381913;0.227262;1.06319;-0.525704;0.612928;1.07194;-0.194746;0.399737;0.885812;-0.283393;0.604736;1.11156;-0.0105201;0.462436;0.871747;-0.00406655;0.589782;1.07396;-0.00810194;0.465615;0.800303;0.00580847;0.585836;1.06597;0.000399254;0.457932;0.819507;0.00183228;0.578983;1.15326;0.411229;0.357227;1.1497;0.563995
0.462956;0.406693;0.000359407;0.480761;0.36264;-0.00100986;0.493616;0.361255;-0.00868687;0.507267;0.360461;0.00403946;0.446606;0.366907;-0.00521463;0.433751;0.368292;0.00331555;0.421289;0.370257;0.0128736;0.532641;0.384501;-0.00147758;0.414557;0.395191;0.00543086;0.493257;0.45368;-0.00328735;0.445845;0.459321;0.00340956;0.632894;0.643241;-0.0481852;0.324765;0.644534;0.0608206;0.685355;1.00176;-0.201465;0.229892;1.04267;-0.49539;0.661976;1.20201;-0.164862;0.397109;0.889441;-0.303852;0.665798;1.28085;-0.0108617;0.460606;0.880785;-0.00518956;0.644399;1.25976;-0.0077718;0.464703;0.810137;0.00505167;0.634259;1.23668;-0.000103709;0.457255;0.828207;0.00208867;0.58397;1.1521;0.371843;0.366552;1.14999;0.541519
0.466477;0.403534;0.000971802;0.483133;0.360758;-0.000380433;0.496815;0.359148;-0.00932679;0.510493;0.358683;0.00402548;0.45013;0.36565;-0.00467596;0.437655;0.36727;0.00368295;0.425179;0.368889;0.01306;0.534534;0.382896;-0.00101108;0.41784;0.394575;0.00611835;0.496468;0.449533;-0.00296647;0.448979;0.456029;0.00371752;0.630073;0.642788;-0.0587261;0.326409;0.635852;0.0682288;0.682631;0.992162;-0.236312;0.20109;1.00787;-0.425161;0.676222;1.19463;-0.115139;0.360361;0.907279;-0.350748;0.684785;1.26906;-0.011162;0.418667;0.912309;-0.00581667;0.66554;1.25289;-0.00723392;0.433415;0.84263;0.00445599;0.654352;1.23336;4.39697e-05;0.425313;0.857441;0.00201588;0.570988;1.15491;0.342502;0.353436;1.13949;0.518479
0.466881;0.402051;0.000589179;0.483497;0.35884;-0.000560429;0.496878;0.35677;-0.00820439;0.510645;0.355296;0.00422507;0.44901;0.364816;-0.00553891;0.436435;0.366935;0.00353507;0.423842;0.369627;0.0129304;0.535756;0.37976;-0.000275291;0.416599;0.396175;0.0048048;0.498232;0.447554;-0.00392891;0.449961;0.455576;0.00465357;0.632076;0.644422;-0.0384132;0.332308;0.639711;0.0509151;0.675791;0.995496;-0.265565;0.19428;0.994275;-0.396432;0.622157;1.1714;-0.136614;0.369607;0.934716;-0.307911;0.61764;1.24232;-0.0108006;0.422354;0.952794;-0.00496233;0.595787;1.2169;-0.00696302;0.444698;0.893278;0.00470083;0.59062;1.20052;0.000476542;0.433077;0.904065;0.00184315;0.582202;1.15753;0.378688;0.366833;1.15155;0.506127
0.468142;0.407811;0.00130387;0.487625;0.363485;3.4883e-05;0.50216;0.363249;-0.00867147;0.516695;0.363014;0.00449655;0.452469;0.366684;-0.00509882;0.439542;0.367531;0.00387851;0.426211;0.368369;0.0134581;0.542239;0.388296;-0.000282414;0.418663;0.39288;0.00561911;0.499475;0.456193;-0.00332354;0.44858;0.459026;0.00465106;0.633685;0.649924;-0.0507549;0.324191;0.639269;0.0603408;0.690239;0.996856;-0.256903;0.167301;0.977783;-0.309776;0.650136;1.18423;-0.102418;0.33818;0.966838;-0.365677;0.649303;1.25655;-0.0113644;0.392396;0.991065;-0.00516504;0.626161;1.23305;-0.00677321;0.413785;0.921522;0.00431366;0.619889;1.21682;0.000943613;0.401168;0.930414;0.0015317;0.572876;1.16291;0.367696;0.3514;1.15086;0.523088
0.469888;0.40795;0.00078551;0.488259;0.362877;-0.000383055;0.502083;0.36197;-0.00746235;0.515906;0.361062;0.00416511;0.452426;0.367088;-0.00596418;0.439413;0.368043;0.00299317;0.425978;0.369551;0.0132143;0.541168;0.385076;0.000753441;0.416724;0.394392;0.00350629;0.500934;0.45597;-0.0041556;0.45008;0.46044;0.00625874;0.633291;0.64623;-0.0512609;0.329657;0.636203;0.0609657;0.677176;1.00204;-0.399546;0.165305;0.966898;-0.313191;0.553239;1.1043;-0.0976567;0.345934;0.964972;-0.326975;0.526528;1.15695;-0.010541;0.39609;0.997973;-0.00391805;0.504965;1.11758;-0.00684788;0.422633;0.937228;0.00515016;0.511684;1.1099;0.00133901;0.408623;0.944472;0.00162962;0.580671;1.1648;0.392248;0.357714;1.15728;0.522187
0.473771;0.409898;0.00150084;0.492484;0.367176;0.0003295;0.507153;0.366573;-0.0092594;0.520997;0.366517;0.00457564;0.457418;0.369904;-0.00433398;0.444377;0.370569;0.00454703;0.431336;0.371234;0.0131514;0.545757;0.392353;-0.000388922;0.422326;0.395793;0.00583482;0.503805;0.458517;-0.00289038;0.452861;0.461223;0.00449933;0.629499;0.660729;-0.041998;0.329217;0.628528;0.0503416;0.694768;1.00252;-0.225482;0.159301;0.940584;-0.261298;0.677572;1.22539;-0.0703104;0.325894;0.980469;-0.357352;0.683446;1.30321;-0.0113453;0.370429;1.01574;-0.00606058;0.659316;1.28724;-0.00607648;0.398385;0.957732;0.00357085;0.648248;1.26945;0.00042847;0.385621;0.965356;0.00146745;0.55473;1.17558;0.350433;0.338625;1.14888;0.496548
0.467426;0.402454;0.00121683;0.486788;0.359172;0.00039295;0.50042;0.357857;-0.00855776;0.515241;0.357268;0.00485771;0.452014;0.363835;-0.00478736;0.439199;0.365246;0.00431406;0.42635;0.367236;0.0138152;0.541662;0.383164;-4.76197e-05;0.420341;0.392816;0.00585868;0.499157;0.450007;-0.00350497;0.449188;0.454632;0.00428208;0.635709;0.658293;-0.0476114;0.333528;0.627934;0.0572564;0.694835;1.01109;-0.229026;0.154777;0.911216;-0.17223;0.650985;1.22791;-0.0505535;0.295805;0.979246;-0.352851;0.646522;1.30449;-0.0112505;0.336135;1.02022;-0.00593863;0.623195;1.28188;-0.00576913;0.364195;0.961604;0.00400066;0.61605;1.26351;0.0012632;0.352843;0.966107;0.00143909;0.562721;1.17778;0.330133;0.347055;1.15002;0.475244
0.47362;0.403082;0.00133272;0.491034;0.361537;0.000667964;0.504273;0.360587;-0.00903036;0.518333;0.359723;0.00504505;0.456585;0.366115;-0.00407522;0.443725;0.367692;0.00465648;0.431245;0.369894;0.0134749;0.541684;0.386218;-7.47144e-05;0.422849;0.396562;0.00654797;0.503727;0.45022;-0.00302189;0.453989;0.455532;0.00374124;0.627892;0.662026;-0.0334496;0.337174;0.624952;0.0421845;0.685769;1.00695;-0.138012;0.160814;0.893032;-0.153015;0.685224;1.27069;-0.0380225;0.285023;0.969428;-0.367894;0.695548;1.35737;-0.0113875;0.321796;1.0073;-0.00660256;0.670436;1.34886;-0.00571944;0.348547;0.952671;0.00320334;0.654373;1.32489;0.000663147;0.338056;0.956255;0.00140658;0.546636;1.17754;0.327816;0.342277;1.14429;0.445583
0.472317;0.405143;0.00105583;0.490442;0.364256;0.00073411;0.503317;0.363136;-0.00866491;0.51656;0.362656;0.00513797;0.457172;0.367782;-0.00449933;0.445115;0.369017;0.00467584;0.433058;0.370251;0.0136328;0.541302;0.386694;-7.53666e-05;0.426859;0.394035;0.0063671;0.501323;0.450918;-0.00320602;0.454402;0.454867;0.00367135;0.632198;0.657834;-0.0387674;0.339069;0.622945;0.0491396;0.685986;1.01122;-0.129909;0.169761;0.896129;-0.132579;0.67379;1.26899;-0.0216045;0.284248;0.965116;-0.340537;0.67956;1.35199;-0.0108921;0.319257;1.00176;-0.00636068;0.657236;1.34063;-0.00572526;0.343997;0.948886;0.00377726;0.643162;1.31751;0.00107589;0.335497;0.952384;0.00119784;0.559124;1.17297;0.31281;0.353428;1.14513;0.442411
0.474195;0.403684;0.00119249;0.491964;0.362693;0.000713565;0.505625;0.361758;-0.00872349;0.518845;0.361364;0.0048696;0.457958;0.366219;-0.00413353;0.445529;0.367282;0.00458353;0.432689;0.368302;0.0132942;0.542303;0.386668;2.41069e-05;0.424371;0.393843;0.00620994;0.502735;0.450634;-0.00327372;0.454307;0.453844;0.00385711;0.627489;0.65713;-0.035434;0.338025;0.622526;0.0443825;0.682014;0.994825;-0.138547;0.166374;0.889916;-0.145542;0.681968;1.25413;-0.0415282;0.291301;0.963839;-0.370488;0.693328;1.33861;-0.0111406;0.327264;1.00276;-0.00662137;0.668945;1.3314;-0.00566673;0.354336;0.949232;0.0033139;0.652844;1.30744;0.000687449;0.343839;0.952841;0.0013066;0.556519;1.17429;0.32338;0.351645;1.14725;0.448042
0.471967;0.407031;0.00114882;0.491373;0.366219;0.000497285;0.50459;0.365825;-0.00855426;0.518598;0.3661;0.00466918;0.457465;0.367994;-0.00485234;0.445098;0.367889;0.00448922;0.432671;0.368951;0.013548;0.54126;0.39073;0.00027194;0.424475;0.392153;0.00563;0.50006;0.454511;-0.00331309;0.452144;0.456011;0.00446673;0.629124;0.656712;-0.0441403;0.332929;0.626106;0.0540892;0.690723;1.00092;-0.193939;0.163887;0.907772;-0.168129;0.65156;1.21859;-0.0222886;0.293608;0.959888;-0.336052;0.647626;1.2956;-0.0107009;0.330501;0.996546;-0.00584209;0.625546;1.27572;-0.00592243;0.357567;0.943035;0.00412931;0.617415;1.25729;0.00117372;0.348244;0.947937;0.00124602;0.564034;1.172;0.328031;0.354341;1.15151;0.470966
0.472753;0.409524;0.00134589;0.492034;0.367054;0.000935536;0.505648;0.366319;-0.00909678;0.519651;0.366199;0.00473148;0.458171;0.369781;-0.00463512;0.44581;0.370025;0.0043653;0.433017;0.370821;0.0134524;0.544262;0.390884;0.000567344;0.425948;0.394884;0.00607416;0.502289;0.45683;-0.0029889;0.453213;0.459001;0.00418863;0.633869;0.661117;-0.0512401;0.334621;0.625767;0.0610564;0.68591;1.01168;-0.133522;0.166444;0.908266;-0.139587;0.661332;1.27451;0.0014294;0.278701;0.956512;-0.387307;0.665428;1.36382;-0.010857;0.314116;0.989621;-0.0064307;0.639497;1.35251;-0.00575615;0.340097;0.933015;0.00379675;0.626448;1.32693;0.000866475;0.333355;0.937193;0.00163257;0.556276;1.17645;0.317;0.347767;1.14791;0.47406
0.476069;0.406733;0.00112444;0.494158;0.364869;0.000734776;0.507364;0.364654;-0.00889918;0.52139;0.364536;0.00468395;0.459761;0.367882;-0.00453627;0.446931;0.368727;0.00467432;0.4341;0.369572;0.0135221;0.544649;0.390126;7.71997e-05;0.424803;0.394873;0.00629235;0.504634;0.454641;-0.00316704;0.455393;0.457678;0.00387814;0.632866;0.661395;-0.0423;0.334924;0.630064;0.0529071;0.690325;1.00823;-0.149681;0.170174;0.912205;-0.164988;0.680206;1.25451;-0.032335;0.290125;0.955556;-0.369836;0.687093;1.33507;-0.0109988;0.327892;0.986948;-0.0064625;0.664697;1.32307;-0.00596489;0.352282;0.928815;0.0040194;0.651918;1.30163;0.00104739;0.343687;0.934847;0.00121593;0.566781;1.17674;0.323812;0.356207;1.15328;0.461473
0.465312;0.403478;0.00152537;0.486397;0.360062;0.000819718;0.500017;0.359399;-0.00908638;0.514024;0.359353;0.00491911;0.451697;0.362547;-0.00417048;0.438899;0.363276;0.0043986;0.4261;0.364005;0.0134946;0.541018;0.384956;0.000221697;0.420222;0.387552;0.00652882;0.496351;0.451668;-0.00297685;0.446025;0.453482;0.00362427;0.628117;0.660271;-0.0572686;0.329409;0.62045;0.0674474;0.675199;1.0097;-0.111144;0.166131;0.904351;-0.11135;0.666991;1.27853;-0.000765097;0.272451;0.955075;-0.399543;0.675782;1.36828;-0.0111041;0.306147;0.988247;-0.00685012;0.650557;1.3604;-0.00560669;0.331872;0.93173;0.00331582;0.634332;1.33332;0.000894822;0.326394;0.934805;0.00200813;0.542546;1.17597;0.312972;0.335473;1.14175;0.487348
0.474984;0.408956;0.0011227;0.492504;0.367302;0.00060645;0.505841;0.366305;-0.0089687;0.519956;0.366012;0.00477751;0.458278;0.37055;-0.00486127;0.445351;0.371607;0.0049257;0.432792;0.373308;0.0134531;0.543007;0.391196;-0.000213828;0.423511;0.39848;0.00612732;0.504309;0.456283;-0.00325051;0.454695;0.460228;0.00424596;0.631958;0.66302;-0.0326275;0.333895;0.628858;0.043658;0.695924;1.01667;-0.182054;0.163953;0.915286;-0.19092;0.670594;1.25233;-0.0328337;0.298993;0.973947;-0.324935;0.670684;1.33134;-0.0112109;0.3411;1.01076;-0.0061531;0.64881;1.31281;-0.00603712;0.366166;0.950757;0.00397857;0.638674;1.29246;0.00103572;0.355079;0.955031;0.00102283;0.55897;1.1794;0.333801;0.347553;1.15084;0.452352
0.471486;0.406592;0.00149667;0.490672;0.363305;0.000956967;0.504336;0.362965;-0.00910569;0.517589;0.362583;0.00496528;0.45617;0.366765;-0.00427252;0.44374;0.367234;0.00462373;0.430868;0.368244;0.0136231;0.542768;0.387558;4.82058e-05;0.423813;0.392799;0.00681799;0.501338;0.453227;-0.00293857;0.451968;0.456313;0.00366032;0.63206;0.660944;-0.0449291;0.331531;0.626667;0.0555234;0.68294;1.00561;-0.111356;0.166077;0.908192;-0.124863;0.681369;1.2607;-0.0107103;0.272206;0.959251;-0.384591;0.691072;1.34522;-0.011097;0.308189;0.991234;-0.00672133;0.6684;1.3358;-0.00585136;0.332303;0.932581;0.00356688;0.653093;1.31186;0.00109955;0.325892;0.936618;0.00146767;0.552481;1.17786;0.319427;0.343598;1.14667;0.458623
0.475943;0.41182;0.00103571;0.494704;0.369374;0.000792297;0.508003;0.368669;-0.0090014;0.522089;0.368651;0.00461676;0.460188;0.371569;-0.00473928;0.447336;0.37174;0.00447168;0.434448;0.372496;0.0135666;0.545427;0.393347;0.000246837;0.425093;0.396668;0.00603855;0.50412;0.458915;-0.00331427;0.455107;0.461077;0.00438786;0.632805;0.656941;-0.0463998;0.334214;0.628699;0.0559686;0.690954;1.00528;-0.183433;0.167745;0.917917;-0.17229;0.664368;1.24941;-0.0261402;0.28955;0.964856;-0.381309;0.665848;1.33326;-0.0110196;0.327633;0.999043;-0.00635128;0.641971;1.31733;-0.00591281;0.353298;0.938602;0.00422021;0.631681;1.29602;0.00128154;0.344717;0.943428;0.00128799;0.566146;1.17595;0.324154;0.354621;1.15321;0.46962
0.468339;0.407905;0.00153736;0.489037;0.366076;0.00105527;0.503095;0.366042;-0.00903551;0.516329;0.365941;0.00491116;0.455493;0.367467;-0.0045242;0.443496;0.367668;0.00447583;0.431086;0.367835;0.0136855;0.541761;0.391527;0.000421625;0.425588;0.391496;0.00641386;0.497845;0.455578;-0.0030199;0.449466;0.455763;0.00375028;0.630021;0.664469;-0.0573732;0.332236;0.626163;0.0672278;0.676202;1.01749;-0.104376;0.16996;0.909326;-0.103292;0.667068;1.28604;0.0251266;0.273571;0.964783;-0.387785;0.674298;1.37365;-0.0110284;0.30861;0.998205;-0.00662346;0.651457;1.36592;-0.0057528;0.333264;0.940233;0.00352133;0.636009;1.33879;0.00118023;0.326941;0.943247;0.00161556;0.549729;1.18126;0.302964;0.343062;1.14918;0.476322
0.473926;0.407809;0.00092047;0.492439;0.364785;0.000594957;0.505751;0.364149;-0.00855125;0.519849;0.364204;0.00458863;0.457399;0.367919;-0.00522433;0.444498;0.368609;0.00424658;0.431559;0.369884;0.0137078;0.543145;0.389043;0.000536067;0.421686;0.394561;0.00563092;0.503203;0.455838;-0.0035044;0.453243;0.45881;0.00472739;0.634673;0.656888;-0.0472933;0.331027;0.631751;0.0580323;0.691494;1.01344;-0.223662;0.164528;0.926372;-0.169554;0.640774;1.22277;-0.0224204;0.288714;0.975475;-0.347988;0.631795;1.29829;-0.0109262;0.32865;1.0125;-0.00575999;0.61093;1.27435;-0.00611818;0.353334;0.950805;0.00466285;0.604724;1.25467;0.00161183;0.345219;0.954473;0.00119879;0.571521;1.17723;0.334357;0.356202;1.15881;0.473759
0.474886;0.410146;0.00142071;0.494053;0.366621;0.00106371;0.508981;0.365803;-0.00938845;0.523045;0.366108;0.00477176;0.459635;0.368556;-0.00415147;0.445965;0.368865;0.00457146;0.43269;0.369788;0.0134656;0.547057;0.392359;0.000362244;0.423634;0.394527;0.00661004;0.504394;0.459118;-0.00259749;0.45302;0.460565;0.00377024;0.632027;0.665624;-0.0568089;0.330627;0.62764;0.065338;0.689644;1.01898;-0.128918;0.162837;0.908986;-0.118994;0.696965;1.28673;0.00671342;0.27381;0.97373;-0.399058;0.709181;1.37228;-0.011314;0.309094;1.01012;-0.00692019;0.687094;1.36381;-0.00566021;0.334974;0.950534;0.00364425;0.669618;1.34033;0.000740641;0.327841;0.953613;0.00138517;0.55371;1.18226;0.314491;0.343986;1.15127;0.487554
0.472907;0.40838;0.00118646;0.491713;0.365113;0.000874873;0.505066;0.364363;-0.00845576;0.519174;0.364886;0.00463901;0.457058;0.367427;-0.00561667;0.444118;0.368228;0.00396566;0.431178;0.369028;0.0141534;0.542612;0.390197;0.000810128;0.421376;0.393867;0.00564904;0.501239;0.456167;-0.00364841;0.452028;0.458494;0.00509223;0.63386;0.658517;-0.0421623;0.328549;0.638739;0.0523662;0.688391;1.0123;-0.209568;0.155177;0.930056;-0.129077;0.626625;1.21065;-0.00171576;0.278701;0.999411;-0.355945;0.613943;1.28364;-0.0111621;0.323047;1.03671;-0.00541596;0.593052;1.25746;-0.00631916;0.345428;0.968447;0.00468434;0.589977;1.23934;0.00227742;0.335791;0.969647;0.000925861;0.570912;1.18262;0.342892;0.355582;1.16722;0.462853
0.474505;0.413424;0.00167834;0.493598;0.37081;0.00144807;0.507735;0.370453;-0.00934679;0.521854;0.370685;0.00475123;0.459485;0.372367;-0.00460853;0.446593;0.372797;0.00434584;0.433286;0.373203;0.013777;0.546027;0.396912;0.0003381;0.424242;0.398675;0.00655443;0.50344;0.461791;-0.00278588;0.452719;0.46297;0.00406368;0.632996;0.666112;-0.0520203;0.331827;0.635555;0.0601931;0.692749;1.01468;-0.121424;0.166228;0.917803;-0.0928323;0.693122;1.29006;0.0272166;0.282093;1.0061;-0.400388;0.701356;1.37917;-0.0116689;0.325073;1.04288;-0.00659335;0.678332;1.37074;-0.00599336;0.346574;0.974407;0.00361613;0.662489;1.34382;0.00136294;0.337415;0.975055;0.00105808;0.557307;1.1876;0.310098;0.348287;1.16005;0.473242
0.473919;0.409151;0.00118894;0.492506;0.365034;0.000848782;0.50669;0.364207;-0.00853966;0.520811;0.364557;0.00474605;0.457014;0.367687;-0.00560131;0.443688;0.368015;0.00409489;0.430331;0.368932;0.0139693;0.54442;0.389595;0.000499308;0.420228;0.394451;0.00579569;0.503327;0.457886;-0.0036057;0.45206;0.460011;0.00477197;0.637148;0.66109;-0.0349102;0.325875;0.6415;0.045899;0.691876;1.02073;-0.174784;0.159923;0.944065;-0.148867;0.647192;1.24892;-0.025917;0.296107;1.01799;-0.349983;0.641247;1.32871;-0.011546;0.344783;1.0564;-0.00552032;0.618339;1.30612;-0.00642742;0.365235;0.985277;0.00456139;0.611205;1.28405;0.00192434;0.354008;0.985241;0.000923294;0.57497;1.1843;0.354752;0.356153;1.17001;0.471897
0.471044;0.413994;0.00135304;0.492406;0.373124;0.000804606;0.506539;0.37265;-0.00850897;0.521473;0.373398;0.00525973;0.457489;0.37433;-0.00484466;0.445015;0.374887;0.00438419;0.432127;0.375423;0.0135547;0.548193;0.401316;0.000218277;0.426092;0.401111;0.00578182;0.501787;0.463969;-0.00334327;0.451093;0.464976;0.00436798;0.637963;0.667485;-0.0627277;0.335484;0.638758;0.0706659;0.694772;1.02356;-0.229535;0.168267;0.951132;-0.163434;0.679485;1.27207;-0.0164602;0.324659;1.05938;-0.308191;0.684937;1.35386;-0.0120371;0.369121;1.10886;-0.00557428;0.66037;1.33963;-0.00600881;0.39544;1.05229;0.00377131;0.648422;1.31895;0.000993091;0.381722;1.05278;0.000839061;0.571189;1.18395;0.328529;0.355362;1.16133;0.521745
0.470026;0.408985;0.0013502;0.491727;0.367683;0.00158442;0.505884;0.367121;-0.00747553;0.520017;0.367148;0.00669102;0.456735;0.369419;-0.00420782;0.444234;0.370123;0.00495991;0.431294;0.37138;0.0135247;0.547839;0.397316;0.00188671;0.424299;0.39916;0.0059908;0.501093;0.460714;-0.00262584;0.449898;0.462245;0.00439584;0.63947;0.668247;-0.0715783;0.33235;0.646696;0.0802404;0.691419;1.03215;-0.193365;0.194001;0.978944;-0.00150418;0.676342;1.30991;0.0558104;0.273039;1.19381;-0.222619;0.686487;1.40419;-0.0111647;0.281148;1.27728;-0.00549805;0.654529;1.39318;-0.00523546;0.322571;1.25126;0.00398738;0.639008;1.36702;0.00218982;0.323733;1.23363;0.000177284;0.562586;1.16893;0.341294;0.347766;1.147;0.539016
0.476141;0.411081;0.00108104;0.496084;0.369466;0.00205805;0.509458;0.369248;-0.00647651;0.523629;0.369716;0.0069642;0.461732;0.371389;-0.00443147;0.448772;0.371656;0.00449974;0.436193;0.372561;0.0136423;0.548708;0.398184;0.00306269;0.426676;0.399954;0.00600182;0.504902;0.462546;-0.00227751;0.455136;0.463856;0.00460053;0.643308;0.668763;-0.0674181;0.330043;0.6559;0.077406;0.689558;1.02455;-0.153355;0.21508;0.983343;0.112051;0.667309;1.29394;0.0711115;0.23616;1.23998;-0.180614;0.674297;1.38978;-0.0102285;0.228427;1.33766;-0.00505571;0.64173;1.37528;-0.00504921;0.269887;1.32113;0.0048964;0.626571;1.34857;0.00340732;0.281756;1.29639;-0.000640092;0.57764;1.18369;0.307543;0.358378;1.16994;0.486492
0.476498;0.419994;0.00110207;0.498035;0.377439;0.00211435;0.512249;0.377824;-0.00673979;0.526444;0.378803;0.00698142;0.4637;0.378047;-0.00378133;0.451156;0.377777;0.00456503;0.438173;0.378072;0.0130812;0.552252;0.407364;0.0031903;0.428913;0.404214;0.00616834;0.505691;0.472;-0.00173556;0.455095;0.470891;0.00439196;0.643049;0.665373;-0.0940958;0.334806;0.648281;0.102873;0.692077;1.0193;-0.191117;0.22687;0.97888;0.119958;0.68531;1.29141;0.0901773;0.236615;1.23308;-0.205015;0.698016;1.38513;-0.00997253;0.223275;1.32977;-0.00544342;0.666612;1.37344;-0.0048883;0.267179;1.31851;0.00486218;0.649887;1.34848;0.00269232;0.280096;1.2956;-0.000362459;0.57672;1.16251;0.308463;0.361341;1.14646;0.551304
0.483219;0.422348;0.00116925;0.502435;0.380305;0.0022224;0.515857;0.38015;-0.00680293;0.529257;0.380589;0.00674406;0.468021;0.381222;-0.00452002;0.455017;0.381409;0.00510874;0.44199;0.382191;0.0127228;0.552503;0.408623;0.00262632;0.430912;0.408763;0.00566147;0.511454;0.473425;-0.00212919;0.461132;0.473709;0.00504005;0.6408;0.66529;-0.0627962;0.332148;0.656336;0.0740996;0.68594;1.01999;-0.183156;0.235518;1.0126;0.0405559;0.686719;1.2848;0.0715354;0.283744;1.25364;-0.185668;0.704121;1.37797;-0.0100278;0.278018;1.34861;-0.00517742;0.671788;1.36832;-0.00576613;0.324773;1.33195;0.00479476;0.653422;1.34424;0.00267702;0.333116;1.31113;-0.000968927;0.578397;1.15717;0.366102;0.362842;1.14766;0.540885
0.480778;0.428454;0.00130672;0.50262;0.385127;0.00188122;0.516832;0.386003;-0.00721106;0.531045;0.38688;0.00690379;0.467906;0.383584;-0.00402394;0.454929;0.383379;0.00523341;0.442389;0.382606;0.0124804;0.555329;0.414584;0.00183055;0.432867;0.40644;0.00604081;0.508954;0.479628;-0.00173575;0.458373;0.47651;0.0044162;0.640593;0.667623;-0.0828978;0.330441;0.64791;0.092835;0.689936;1.02745;-0.200419;0.238004;1.01508;0.0143437;0.705302;1.29286;0.0576885;0.294258;1.23059;-0.198955;0.725993;1.38348;-0.0101007;0.290813;1.31615;-0.00555703;0.695277;1.37444;-0.0056649;0.332849;1.2973;0.00442274;0.674229;1.3505;0.00204139;0.339627;1.28104;-0.000581445;0.566144;1.1592;0.345817;0.352371;1.13768;0.577826
0.484785;0.429567;0.000903633;0.503765;0.385564;0.00217003;0.518012;0.385815;-0.0060264;0.533092;0.386151;0.00632706;0.46812;0.385529;-0.00546755;0.454291;0.38532;0.0046832;0.440432;0.385705;0.0121116;0.554286;0.415139;0.00275175;0.426457;0.413515;0.00457209;0.513194;0.481952;-0.0027109;0.459964;0.481328;0.00558193;0.64;0.663005;-0.0588783;0.329353;0.660742;0.072003;0.672435;1.01999;-0.211146;0.250948;1.02021;0.0565775;0.651005;1.28025;0.0312431;0.314577;1.27359;-0.211251;0.662102;1.37681;-0.00986969;0.312085;1.37354;-0.00458843;0.629197;1.36393;-0.00618;0.358874;1.35204;0.0054218;0.612087;1.33715;0.0028596;0.364237;1.32872;-0.00104253;0.583812;1.14819;0.415808;0.367853;1.14777;0.589829
0.4832;0.434024;0.00095479;0.504384;0.390188;0.00196013;0.518574;0.390661;-0.00671859;0.533589;0.391755;0.00621307;0.468482;0.389585;-0.00488565;0.454709;0.389126;0.00477477;0.440937;0.388667;0.0119173;0.557326;0.421053;0.00231237;0.428801;0.415582;0.00481064;0.511971;0.487245;-0.00229117;0.458968;0.485479;0.00494762;0.640969;0.666743;-0.0781705;0.331226;0.660577;0.0901726;0.678457;1.0273;-0.218126;0.252445;1.0321;-0.0113694;0.682383;1.29587;0.0213299;0.33424;1.23794;-0.243383;0.703414;1.38803;-0.00998004;0.336569;1.32473;-0.00519223;0.669289;1.38095;-0.00638918;0.381219;1.30127;0.0051107;0.648813;1.35651;0.00179869;0.383579;1.28472;-0.000589915;0.583947;1.13699;0.426441;0.370224;1.13224;0.647907
0.484586;0.440217;0.000717634;0.504585;0.394052;0.00173177;0.519594;0.394583;-0.00648722;0.534604;0.395115;0.00600825;0.468718;0.393375;-0.00546412;0.454543;0.392873;0.00432372;0.440784;0.392385;0.011808;0.557464;0.423811;0.0020967;0.427809;0.418626;0.00418362;0.513701;0.492868;-0.00276301;0.459501;0.490948;0.0052784;0.639991;0.666441;-0.0694924;0.32842;0.662526;0.0832553;0.666929;1.03407;-0.209989;0.254191;1.042;-0.0348505;0.663029;1.3045;-0.00478314;0.358271;1.24505;-0.243771;0.681442;1.39652;-0.0102114;0.370034;1.33565;-0.00478314;0.648213;1.38823;-0.00675765;0.413976;1.30398;0.00526211;0.629491;1.36146;0.0016552;0.413079;1.28378;-0.000609297;0.58603;1.12733;0.464603;0.372793;1.13046;0.671881
0.485878;0.449017;0.000488577;0.507102;0.402031;0.000610925;0.522079;0.402888;-0.007375;0.537884;0.404351;0.00478985;0.468832;0.398987;-0.0058174;0.45386;0.397539;0.00438663;0.439303;0.396098;0.0109389;0.559278;0.433146;0.000170311;0.422433;0.421256;0.00421103;0.513709;0.503382;-0.00292659;0.457549;0.49943;0.00476058;0.639653;0.667226;-0.0612892;0.317052;0.667447;0.0784585;0.680647;1.02552;-0.211338;0.265258;1.0691;-0.23704;0.680151;1.27298;-0.0835573;0.428326;1.12881;-0.237665;0.696044;1.35969;-0.0107763;0.469927;1.17928;-0.00482561;0.669501;1.34857;-0.0075636;0.492451;1.12639;0.00522883;0.650563;1.32455;0.000216039;0.484158;1.1227;0.00026258;0.58469;1.14578;0.476162;0.362777;1.15134;0.695513
0.489228;0.447595;0.000414996;0.507761;0.399652;0.00155825;0.523473;0.399292;-0.00694351;0.538354;0.399508;0.00554189;0.469728;0.399688;-0.00530614;0.454847;0.399472;0.00416611;0.439553;0.39925;0.0108836;0.558828;0.426851;0.00220093;0.421175;0.425441;0.00431144;0.517796;0.499161;-0.00227037;0.461161;0.498927;0.00533197;0.645612;0.661527;-0.0613354;0.326013;0.666883;0.0758038;0.679452;1.01538;-0.195633;0.265831;1.04583;-0.0970929;0.673504;1.26811;0.00121189;0.359924;1.1836;-0.219299;0.687752;1.35651;-0.0103668;0.37764;1.2497;-0.00507038;0.658884;1.34668;-0.00635574;0.406001;1.21484;0.00560002;0.640047;1.32171;0.00108513;0.408971;1.2043;-0.000384315;0.598214;1.16001;0.402013;0.377868;1.16034;0.594442
0.487463;0.452833;0.000452818;0.507786;0.404113;0.00151983;0.523409;0.404548;-0.00662848;0.539035;0.405568;0.00577744;0.469549;0.402726;-0.00527966;0.454335;0.401702;0.00445431;0.438712;0.401267;0.0108612;0.558901;0.434025;0.00227533;0.420336;0.427167;0.00392763;0.515667;0.505766;-0.00214366;0.458516;0.50339;0.00529251;0.641401;0.667677;-0.0684429;0.321592;0.669571;0.0834469;0.68174;1.02626;-0.19536;0.268681;1.04191;-0.0548776;0.67151;1.29647;0.0090692;0.37021;1.21399;-0.224854;0.687584;1.39219;-0.0100712;0.383729;1.29104;-0.004814;0.653833;1.38316;-0.00648396;0.418125;1.26264;0.00547556;0.63398;1.35763;0.00113526;0.419709;1.24977;-0.000345635;0.587717;1.13708;0.455875;0.370256;1.13682;0.673741
0.489499;0.462358;-0.00032675;0.509322;0.411774;0.0015191;0.524895;0.411286;-0.00700483;0.541286;0.411386;0.00532085;0.470802;0.411539;-0.00496869;0.455232;0.410861;0.00372972;0.439662;0.410183;0.0106865;0.560879;0.437149;0.00247954;0.421146;0.435132;0.00386098;0.518851;0.513242;-0.00210977;0.460661;0.512887;0.00501991;0.644616;0.662627;-0.0717642;0.333147;0.671801;0.0876948;0.675496;1.02241;-0.170677;0.276316;1.0363;-0.0973248;0.663998;1.30209;0.0400825;0.35836;1.14404;-0.232555;0.677657;1.3931;-0.00983493;0.370919;1.1919;-0.00549053;0.64734;1.39058;-0.00627489;0.395587;1.16524;0.00601237;0.62774;1.36715;0.000605479;0.400917;1.16411;-1.82709e-05;0.59896;1.12685;0.456914;0.387903;1.13139;0.674102
0.49229;0.467658;-0.00127666;0.511292;0.415532;-8.82634e-05;0.527628;0.415734;-0.00868859;0.54397;0.416517;0.00364895;0.472083;0.414699;-0.00454205;0.456149;0.413907;0.0027112;0.440215;0.413115;0.00984962;0.562238;0.442807;0.000948919;0.420499;0.438543;0.004188;0.519845;0.520447;-0.0016331;0.461851;0.519468;0.00368085;0.637483;0.666388;-0.0816549;0.336598;0.67104;0.0977817;0.676715;1.02553;-0.109213;0.302639;1.02143;-0.457676;0.690389;1.29235;-0.0188955;0.40296;0.832107;-0.242515;0.710126;1.37552;-0.0103217;0.432227;0.78497;-0.0063761;0.685646;1.37725;-0.00673015;0.433527;0.755903;0.00581791;0.665798;1.35564;-0.00190581;0.438364;0.785989;0.00176706;0.594263;1.09946;0.508302;0.392669;1.10994;0.755308
0.491762;0.469535;-0.00116367;0.512897;0.417934;0.00021367;0.528366;0.418587;-0.00823544;0.544648;0.419213;0.00374281;0.473015;0.41692;-0.00499464;0.45713;0.415702;0.00295326;0.441652;0.414471;0.00998929;0.564621;0.446911;0.00152746;0.422546;0.44055;0.00376187;0.520285;0.52299;-0.00196037;0.461672;0.52085;0.00431471;0.643814;0.665916;-0.084337;0.336494;0.679405;0.10091;0.683024;1.02913;-0.127192;0.293556;1.04414;-0.412789;0.677534;1.29428;-0.0120799;0.393536;0.886981;-0.24686;0.692793;1.38288;-0.0103896;0.423877;0.851279;-0.00600819;0.663463;1.38037;-0.0066913;0.428622;0.817568;0.0060622;0.644388;1.35785;-0.00156003;0.433135;0.845192;0.00139799;0.606098;1.10222;0.500634;0.400128;1.11935;0.754001
0.493687;0.467339;0.000312838;0.514912;0.418803;0.00188928;0.531138;0.419543;-0.00657059;0.546574;0.420908;0.00517616;0.475955;0.416566;-0.00492952;0.46052;0.415201;0.00383232;0.444698;0.414436;0.0106875;0.5669;0.450206;0.00314617;0.426067;0.441497;0.0035762;0.522055;0.521498;-0.00193671;0.463214;0.518167;0.00546073;0.645612;0.669534;-0.083375;0.336609;0.686045;0.0966806;0.686765;1.01387;-0.200748;0.288179;1.05542;-0.0374884;0.676232;1.283;0.0567132;0.375008;1.208;-0.237578;0.691133;1.37427;-0.00988434;0.388269;1.27172;-0.00508762;0.659385;1.36929;-0.00633976;0.417395;1.24345;0.005954;0.640057;1.34627;0.00125056;0.42241;1.23507;-0.000407105;0.60894;1.12001;0.459372;0.398706;1.13396;0.705045
0.498069;0.473087;-0.000191931;0.517633;0.424307;0.00145828;0.532989;0.425125;-0.00698588;0.549135;0.425324;0.00471499;0.478863;0.423143;-0.00494807;0.463104;0.422348;0.00375751;0.447344;0.421553;0.0103812;0.567741;0.454644;0.00239214;0.427567;0.449113;0.00361262;0.525431;0.525996;-0.0020819;0.467276;0.52425;0.00521579;0.646625;0.669796;-0.0734745;0.337837;0.69369;0.0884416;0.690519;1.01383;-0.194521;0.289448;1.06955;-0.157532;0.686128;1.27921;0.00236065;0.395301;1.14366;-0.242093;0.702454;1.36892;-0.00995283;0.41701;1.18256;-0.00520319;0.670902;1.36618;-0.006778;0.439071;1.15027;0.00595595;0.651707;1.34436;0.000331498;0.441152;1.15244;-0.000151576;0.612788;1.11595;0.481364;0.403527;1.13514;0.70713
0.498222;0.478825;-0.00132482;0.518051;0.427587;-0.000530633;0.533333;0.427592;-0.00845247;0.55024;0.428048;0.00342617;0.477799;0.426583;-0.00467176;0.461694;0.426067;0.00186212;0.445969;0.424951;0.00971375;0.56976;0.455763;0.00105107;0.426059;0.452173;0.00382463;0.527553;0.53269;-0.00150601;0.468409;0.53195;0.00386542;0.647906;0.677577;-0.0813244;0.342897;0.694585;0.0958825;0.691288;1.02552;-0.112348;0.322068;1.04617;-0.544171;0.685802;1.26958;-0.0965853;0.415408;0.78527;-0.250198;0.701787;1.35418;-0.0101154;0.445498;0.717825;-0.00560674;0.671055;1.34961;-0.00699039;0.437587;0.688673;0.00608992;0.653329;1.32691;-0.00205664;0.443745;0.724819;0.00199232;0.615368;1.12612;0.487143;0.407875;1.14845;0.733326
